type,word,industry,added_at,added_by_run_id,pattern_tag
domain,Thermostat,hvac_services,2026-08-18T21:05:23.906914+09:00,QA-20260818-210404-KST,
domain,Furnace,hvac_services,2026-08-18T21:05:23.906914+09:00,QA-20260818-210404-KST,
domain,Refrigerant,hvac_services,2026-08-18T21:05:23.906914+09:00,QA-20260818-210404-KST,
domain,Ductwork,hvac_services,2026-08-18T21:05:23.906914+09:00,QA-20260818-210404-KST,
domain,Compressor,hvac_services,2026-08-18T21:05:23.906914+09:00,QA-20260818-210404-KST,
domain,Filtration,hvac_services,2026-08-18T21:05:23.906914+09:00,QA-20260818-210404-KST,
domain,Callout,hvac_services,2026-08-18T21:05:23.906914+09:00,QA-20260818-210404-KST,
domain,Airflow,hvac_services,2026-08-18T21:05:23.906914+09:00,QA-20260818-210404-KST,
domain,Insulation,hvac_services,2026-08-18T21:05:23.906914+09:00,QA-20260818-210404-KST,
domain,Vent,hvac_services,2026-08-18T21:05:23.906914+09:00,QA-20260818-210404-KST,
domain,Keyway,locksmith_security_services,2026-08-18T21:05:23.906914+09:00,QA-20260818-210404-KST,
domain,Rekey,locksmith_security_services,2026-08-18T21:05:23.906914+09:00,QA-20260818-210404-KST,
domain,Deadbolt,locksmith_security_services,2026-08-18T21:05:23.906914+09:00,QA-20260818-210404-KST,
domain,Lockout,locksmith_security_services,2026-08-18T21:05:23.906914+09:00,QA-20260818-210404-KST,
domain,Cylinder,locksmith_security_services,2026-08-18T21:05:23.906914+09:00,QA-20260818-210404-KST,
domain,Masterkey,locksmith_security_services,2026-08-18T21:05:23.906914+09:00,QA-20260818-210404-KST,
domain,Safe,locksmith_security_services,2026-08-18T21:05:23.906914+09:00,QA-20260818-210404-KST,
domain,Duplication,locksmith_security_services,2026-08-18T21:05:23.906914+09:00,QA-20260818-210404-KST,
domain,Bypass,locksmith_security_services,2026-08-18T21:05:23.906914+09:00,QA-20260818-210404-KST,
domain,Rekeying,locksmith_security_services,2026-08-18T21:05:23.906914+09:00,QA-20260818-210404-KST,
domain,Glossary,interpreter_translation_services,2026-08-18T21:05:23.906914+09:00,QA-20260818-210404-KST,
domain,Localization,interpreter_translation_services,2026-08-18T21:05:23.906914+09:00,QA-20260818-210404-KST,
domain,Dialect,interpreter_translation_services,2026-08-18T21:05:23.906914+09:00,QA-20260818-210404-KST,
domain,Turnaround,interpreter_translation_services,2026-08-18T21:05:23.906914+09:00,QA-20260818-210404-KST,
domain,Proofing,interpreter_translation_services,2026-08-18T21:05:23.906914+09:00,QA-20260818-210404-KST,
domain,Terminology,interpreter_translation_services,2026-08-18T21:05:23.906914+09:00,QA-20260818-210404-KST,
domain,Assignment,interpreter_translation_services,2026-08-18T21:05:23.906914+09:00,QA-20260818-210404-KST,
domain,Fluency,interpreter_translation_services,2026-08-18T21:05:23.906914+09:00,QA-20260818-210404-KST,
domain,Transcript,interpreter_translation_services,2026-08-18T21:05:23.906914+09:00,QA-20260818-210404-KST,
domain,Certification,interpreter_translation_services,2026-08-18T21:05:23.906914+09:00,QA-20260818-210404-KST,
function,Workbench,,2026-08-18T21:05:23.906914+09:00,QA-20260818-210404-KST,
function,Toolkit,,2026-08-18T21:05:23.906914+09:00,QA-20260818-210404-KST,
function,Playbook,,2026-08-18T21:05:23.906914+09:00,QA-20260818-210404-KST,
function,Journal,,2026-08-18T21:05:23.906914+09:00,QA-20260818-210404-KST,
function,Snapshot,,2026-08-18T21:05:23.906914+09:00,QA-20260818-210404-KST,
function,Guidebook,,2026-08-18T21:05:23.906914+09:00,QA-20260818-210404-KST,
function,Registry,,2026-08-18T21:05:23.906914+09:00,QA-20260818-210404-KST,
function,Blueprint,,2026-08-18T21:05:23.906914+09:00,QA-20260818-210404-KST,
function,Almanac,,2026-08-18T21:05:23.906914+09:00,QA-20260818-210404-KST,
function,Compendium,,2026-08-18T21:05:23.906914+09:00,QA-20260818-210404-KST,
function,Codex,,2026-08-18T21:05:23.906914+09:00,QA-20260818-210404-KST,
function,Roadmap,,2026-08-18T21:05:23.906914+09:00,QA-20260818-210404-KST,
function,Calendar,,2026-08-18T23:49:31.453546+09:00,QA-20260818-234836-KST,
function,Directory,,2026-08-18T23:49:31.453546+09:00,QA-20260818-234836-KST,
function,Locator,,2026-08-18T23:49:31.453546+09:00,QA-20260818-234836-KST,
function,Finder,,2026-08-18T23:49:31.453546+09:00,QA-20260818-234836-KST,
function,Depot,,2026-08-18T23:49:31.453546+09:00,QA-20260818-234836-KST,
function,Office,,2026-08-18T23:49:31.453546+09:00,QA-20260818-234836-KST,
function,Counter,,2026-08-18T23:49:31.453546+09:00,QA-20260818-234836-KST,
domain,Triage,healthcare,2026-08-18T23:49:31.453546+09:00,QA-20260818-234836-KST,
domain,Dividend,finance,2026-08-18T23:49:31.453546+09:00,QA-20260818-234836-KST,
domain,Paralegal,legal,2026-08-18T23:49:31.453546+09:00,QA-20260818-234836-KST,
domain,Courier,logistics,2026-08-18T23:49:31.453546+09:00,QA-20260818-234836-KST,
domain,Mortgage,real_estate,2026-08-18T23:49:31.453546+09:00,QA-20260818-234836-KST,
domain,Annuity,insurance,2026-08-18T23:49:31.453546+09:00,QA-20260818-234836-KST,
domain,Overtime,hr_payroll,2026-08-18T23:49:31.453546+09:00,QA-20260818-234836-KST,
domain,Scaffold,construction,2026-08-18T23:49:31.453546+09:00,QA-20260818-234836-KST,
domain,Barcode,retail_ecommerce,2026-08-18T23:49:31.453546+09:00,QA-20260818-234836-KST,
domain,Valet,hospitality,2026-08-18T23:49:31.453546+09:00,QA-20260818-234836-KST,
domain,Homework,education,2026-08-18T23:49:31.453546+09:00,QA-20260818-234836-KST,
domain,Kennel,veterinary,2026-08-18T23:49:31.453546+09:00,QA-20260818-234836-KST,
domain,Move,moving_relocation_services,2026-08-19T00:21:34.622833+09:00,QA-20260819-002024-KST,
domain,Crew,moving_relocation_services,2026-08-19T00:21:34.622833+09:00,QA-20260819-002024-KST,
domain,Truck,moving_relocation_services,2026-08-19T00:21:34.622833+09:00,QA-20260819-002024-KST,
domain,Packing,moving_relocation_services,2026-08-19T00:21:34.622833+09:00,QA-20260819-002024-KST,
domain,Unpacking,moving_relocation_services,2026-08-19T00:21:34.622833+09:00,QA-20260819-002024-KST,
domain,Storage,moving_relocation_services,2026-08-19T00:21:34.622833+09:00,QA-20260819-002024-KST,
domain,Inventory,moving_relocation_services,2026-08-19T00:21:34.622833+09:00,QA-20260819-002024-KST,
domain,Estimate,moving_relocation_services,2026-08-19T00:21:34.622833+09:00,QA-20260819-002024-KST,
domain,Booking,moving_relocation_services,2026-08-19T00:21:34.622833+09:00,QA-20260819-002024-KST,
domain,Dispatch,moving_relocation_services,2026-08-19T00:21:34.622833+09:00,QA-20260819-002024-KST,
domain,Route,moving_relocation_services,2026-08-19T00:21:34.622833+09:00,QA-20260819-002024-KST,
domain,Mileage,moving_relocation_services,2026-08-19T00:21:34.622833+09:00,QA-20260819-002024-KST,
domain,Warehouse,moving_relocation_services,2026-08-19T00:21:34.622833+09:00,QA-20260819-002024-KST,
domain,Crate,moving_relocation_services,2026-08-19T00:21:34.622833+09:00,QA-20260819-002024-KST,
domain,Carton,moving_relocation_services,2026-08-19T00:21:34.622833+09:00,QA-20260819-002024-KST,
domain,Padding,moving_relocation_services,2026-08-19T00:21:34.622833+09:00,QA-20260819-002024-KST,
domain,Deposit,moving_relocation_services,2026-08-19T00:21:34.622833+09:00,QA-20260819-002024-KST,
domain,Damage,moving_relocation_services,2026-08-19T00:21:34.622833+09:00,QA-20260819-002024-KST,
domain,Reimbursement,moving_relocation_services,2026-08-19T00:21:34.622833+09:00,QA-20260819-002024-KST,
domain,Elevator,moving_relocation_services,2026-08-19T00:21:34.622833+09:00,QA-20260819-002024-KST,
domain,Stairs,moving_relocation_services,2026-08-19T00:21:34.622833+09:00,QA-20260819-002024-KST,
domain,Haul,moving_relocation_services,2026-08-19T00:21:34.622833+09:00,QA-20260819-002024-KST,
domain,Relocation,moving_relocation_services,2026-08-19T00:21:34.622833+09:00,QA-20260819-002024-KST,
domain,Overnight,moving_relocation_services,2026-08-19T00:21:34.622833+09:00,QA-20260819-002024-KST,
function,Locker,,2026-08-19T00:21:34.622833+09:00,QA-20260819-002024-KST,
function,Booth,,2026-08-19T00:21:34.622833+09:00,QA-20260819-002024-KST,
function,Kiosk,,2026-08-19T00:21:34.622833+09:00,QA-20260819-002024-KST,
function,Yard,,2026-08-19T00:21:34.622833+09:00,QA-20260819-002024-KST,
function,Bay,,2026-08-19T00:21:34.622833+09:00,QA-20260819-002024-KST,
function,Post,,2026-08-19T00:21:34.622833+09:00,QA-20260819-002024-KST,
function,Outpost,,2026-08-19T00:21:34.622833+09:00,QA-20260819-002024-KST,
function,Plaza,,2026-08-19T00:21:34.622833+09:00,QA-20260819-002024-KST,
function,Harbor,,2026-08-19T00:21:34.622833+09:00,QA-20260819-002024-KST,
function,Tower,,2026-08-19T00:21:34.622833+09:00,QA-20260819-002024-KST,
function,Shelf,,2026-08-19T00:21:34.622833+09:00,QA-20260819-002024-KST,
function,Roster,,2026-08-19T00:21:34.622833+09:00,QA-20260819-002024-KST,
domain,Shoot,photography_services,2026-08-19T12:18:04.119897+09:00,RUN-20260819-121626-KST,
domain,Album,photography_services,2026-08-19T12:18:04.119897+09:00,RUN-20260819-121626-KST,
domain,Retouching,photography_services,2026-08-19T12:18:04.119897+09:00,RUN-20260819-121626-KST,
domain,Watermark,photography_services,2026-08-19T12:18:04.119897+09:00,RUN-20260819-121626-KST,
domain,Proof,photography_services,2026-08-19T12:18:04.119897+09:00,RUN-20260819-121626-KST,
domain,Gallery,photography_services,2026-08-19T12:18:04.119897+09:00,RUN-20260819-121626-KST,
domain,Backdrop,photography_services,2026-08-19T12:18:04.119897+09:00,RUN-20260819-121626-KST,
domain,Portfolio,photography_services,2026-08-19T12:18:04.119897+09:00,RUN-20260819-121626-KST,
domain,Package,photography_services,2026-08-19T12:18:04.119897+09:00,RUN-20260819-121626-KST,
domain,Rental,photography_services,2026-08-19T12:18:04.119897+09:00,RUN-20260819-121626-KST,
domain,Lighting,photography_services,2026-08-19T12:18:04.119897+09:00,RUN-20260819-121626-KST,
domain,Editing,photography_services,2026-08-19T12:18:04.119897+09:00,RUN-20260819-121626-KST,
domain,Print,photography_services,2026-08-19T12:18:04.119897+09:00,RUN-20260819-121626-KST,
domain,Delivery,photography_services,2026-08-19T12:18:04.119897+09:00,RUN-20260819-121626-KST,
domain,Session,photography_services,2026-08-19T12:18:04.119897+09:00,RUN-20260819-121626-KST,
domain,Booking,photography_services,2026-08-19T12:18:04.119897+09:00,RUN-20260819-121626-KST,
domain,Deposit,photography_services,2026-08-19T12:18:04.119897+09:00,RUN-20260819-121626-KST,
domain,Contract,photography_services,2026-08-19T12:18:04.119897+09:00,RUN-20260819-121626-KST,
domain,License,photography_services,2026-08-19T12:18:04.119897+09:00,RUN-20260819-121626-KST,
domain,Client,photography_services,2026-08-19T12:18:04.119897+09:00,RUN-20260819-121626-KST,
domain,Location,photography_services,2026-08-19T12:18:04.119897+09:00,RUN-20260819-121626-KST,
domain,Wardrobe,photography_services,2026-08-19T12:18:04.119897+09:00,RUN-20260819-121626-KST,
function,Inbox,,2026-08-19T12:18:04.119897+09:00,RUN-20260819-121626-KST,
function,Alert,,2026-08-19T12:18:04.119897+09:00,RUN-20260819-121626-KST,
function,Chart,,2026-08-19T12:18:04.119897+09:00,RUN-20260819-121626-KST,
function,Bin,,2026-08-19T12:18:04.119897+09:00,RUN-20260819-121626-KST,
function,Passport,,2026-08-19T12:18:04.119897+09:00,RUN-20260819-121626-KST,
function,Lobby,,2026-08-19T12:18:04.119897+09:00,RUN-20260819-121626-KST,
function,Ticker,,2026-08-19T12:18:04.119897+09:00,RUN-20260819-121626-KST,
function,Line,,2026-08-19T12:18:04.119897+09:00,RUN-20260819-121626-KST,
function,Window,,2026-08-19T12:18:04.119897+09:00,RUN-20260819-121626-KST,
function,Roll,,2026-08-19T12:18:04.119897+09:00,RUN-20260819-121626-KST,
domain,Ceremony,wedding_planning_services,2026-08-19T13:14:22.608445+09:00,RUN-20260819-131242-KST,
domain,Reception,wedding_planning_services,2026-08-19T13:14:22.608445+09:00,RUN-20260819-131242-KST,
domain,Timeline,wedding_planning_services,2026-08-19T13:14:22.608445+09:00,RUN-20260819-131242-KST,
domain,Seating,wedding_planning_services,2026-08-19T13:14:22.608445+09:00,RUN-20260819-131242-KST,
domain,Invitation,wedding_planning_services,2026-08-19T13:14:22.608445+09:00,RUN-20260819-131242-KST,
domain,Florist,wedding_planning_services,2026-08-19T13:14:22.608445+09:00,RUN-20260819-131242-KST,
domain,Photographer,wedding_planning_services,2026-08-19T13:14:22.608445+09:00,RUN-20260819-131242-KST,
domain,Venue,wedding_planning_services,2026-08-19T13:14:22.608445+09:00,RUN-20260819-131242-KST,
domain,Rehearsal,wedding_planning_services,2026-08-19T13:14:22.608445+09:00,RUN-20260819-131242-KST,
domain,Officiant,wedding_planning_services,2026-08-19T13:14:22.608445+09:00,RUN-20260819-131242-KST,
domain,Favor,wedding_planning_services,2026-08-19T13:14:22.608445+09:00,RUN-20260819-131242-KST,
domain,Toast,wedding_planning_services,2026-08-19T13:14:22.608445+09:00,RUN-20260819-131242-KST,
domain,Bouquet,wedding_planning_services,2026-08-19T13:14:22.608445+09:00,RUN-20260819-131242-KST,
domain,Catering,wedding_planning_services,2026-08-19T13:14:22.608445+09:00,RUN-20260819-131242-KST,
domain,Guestlist,wedding_planning_services,2026-08-19T13:14:22.608445+09:00,RUN-20260819-131242-KST,
domain,Honeymoon,wedding_planning_services,2026-08-19T13:14:22.608445+09:00,RUN-20260819-131242-KST,
domain,Invite,wedding_planning_services,2026-08-19T13:14:22.608445+09:00,RUN-20260819-131242-KST,
domain,Vow,wedding_planning_services,2026-08-19T13:14:22.608445+09:00,RUN-20260819-131242-KST,
domain,Registrar,wedding_planning_services,2026-08-19T13:14:22.608445+09:00,RUN-20260819-131242-KST,
domain,Cake,wedding_planning_services,2026-08-19T13:14:22.608445+09:00,RUN-20260819-131242-KST,
domain,Decor,wedding_planning_services,2026-08-19T13:14:22.608445+09:00,RUN-20260819-131242-KST,
domain,Aisle,wedding_planning_services,2026-08-19T13:14:22.608445+09:00,RUN-20260819-131242-KST,
function,Report,,2026-08-19T13:14:22.608445+09:00,RUN-20260819-131242-KST,
function,Log,,2026-08-19T13:14:22.608445+09:00,RUN-20260819-131242-KST,
function,Form,,2026-08-19T13:14:22.608445+09:00,RUN-20260819-131242-KST,
function,Card,,2026-08-19T13:14:22.608445+09:00,RUN-20260819-131242-KST,
function,Sheet,,2026-08-19T13:14:22.608445+09:00,RUN-20260819-131242-KST,
function,Check,,2026-08-19T13:14:22.608445+09:00,RUN-20260819-131242-KST,
function,Score,,2026-08-19T13:14:22.608445+09:00,RUN-20260819-131242-KST,
function,Note,,2026-08-19T13:14:22.608445+09:00,RUN-20260819-131242-KST,
function,Tag,,2026-08-19T13:14:22.608445+09:00,RUN-20260819-131242-KST,
function,Profile,,2026-08-19T13:14:22.608445+09:00,RUN-20260819-131242-KST,
domain,Violation,property_management_services,2026-08-19T20:16:56.961940+09:00,RUN-20260819-201533-KST,
domain,Amenity,property_management_services,2026-08-19T20:16:56.961940+09:00,RUN-20260819-201533-KST,
domain,Utility,property_management_services,2026-08-19T20:16:56.961940+09:00,RUN-20260819-201533-KST,
domain,Complaint,property_management_services,2026-08-19T20:16:56.961940+09:00,RUN-20260819-201533-KST,
domain,Eviction,property_management_services,2026-08-19T20:16:56.961940+09:00,RUN-20260819-201533-KST,
domain,Renewal,property_management_services,2026-08-19T20:16:56.961940+09:00,RUN-20260819-201533-KST,
domain,Vendor,property_management_services,2026-08-19T20:16:56.961940+09:00,RUN-20260819-201533-KST,
domain,Assessment,property_management_services,2026-08-19T20:16:56.961940+09:00,RUN-20260819-201533-KST,
domain,Resident,property_management_services,2026-08-19T20:16:56.961940+09:00,RUN-20260819-201533-KST,
domain,Turnover,property_management_services,2026-08-19T20:16:56.961940+09:00,RUN-20260819-201533-KST,
domain,Occupant,property_management_services,2026-08-19T20:16:56.961940+09:00,RUN-20260819-201533-KST,
domain,Deposit,property_management_services,2026-08-19T20:16:56.961940+09:00,RUN-20260819-201533-KST,
domain,Repair,property_management_services,2026-08-19T20:16:56.961940+09:00,RUN-20260819-201533-KST,
domain,Vacancy,property_management_services,2026-08-19T20:16:56.961940+09:00,RUN-20260819-201533-KST,
domain,Notice,property_management_services,2026-08-19T20:16:56.961940+09:00,RUN-20260819-201533-KST,
domain,Warranty,property_management_services,2026-08-19T20:16:56.961940+09:00,RUN-20260819-201533-KST,
domain,Inspection,property_management_services,2026-08-19T20:16:56.961940+09:00,RUN-20260819-201533-KST,
domain,Maintenance,property_management_services,2026-08-19T20:16:56.961940+09:00,RUN-20260819-201533-KST,
domain,Landscaping,property_management_services,2026-08-19T20:16:56.961940+09:00,RUN-20260819-201533-KST,
domain,Snow,property_management_services,2026-08-19T20:16:56.961940+09:00,RUN-20260819-201533-KST,
domain,Roof,property_management_services,2026-08-19T20:16:56.961940+09:00,RUN-20260819-201533-KST,
domain,Elevator,property_management_services,2026-08-19T20:16:56.961940+09:00,RUN-20260819-201533-KST,
function,Status,,2026-08-19T20:16:56.961940+09:00,RUN-20260819-201533-KST,
function,View,,2026-08-19T20:16:56.961940+09:00,RUN-20260819-201533-KST,
function,History,,2026-08-19T20:16:56.961940+09:00,RUN-20260819-201533-KST,
function,File,,2026-08-19T20:16:56.961940+09:00,RUN-20260819-201533-KST,
function,Level,,2026-08-19T20:16:56.961940+09:00,RUN-20260819-201533-KST,
function,Rate,,2026-08-19T20:16:56.961940+09:00,RUN-20260819-201533-KST,
function,Update,,2026-08-19T20:16:56.961940+09:00,RUN-20260819-201533-KST,
function,Digest,,2026-08-19T20:16:56.961940+09:00,RUN-20260819-201533-KST,
function,Feed,,2026-08-19T20:16:56.961940+09:00,RUN-20260819-201533-KST,
function,Draft,,2026-08-19T20:16:56.961940+09:00,RUN-20260819-201533-KST,
domain,Blower,hvac_services,2026-08-19T20:53:43.324190+09:00,RUN-20260819-205109-KST,
domain,Coil,hvac_services,2026-08-19T20:53:43.324190+09:00,RUN-20260819-205109-KST,
domain,Condenser,hvac_services,2026-08-19T20:53:43.324190+09:00,RUN-20260819-205109-KST,
domain,Evaporator,hvac_services,2026-08-19T20:53:43.324190+09:00,RUN-20260819-205109-KST,
domain,Manifold,hvac_services,2026-08-19T20:53:43.324190+09:00,RUN-20260819-205109-KST,
domain,Gauge,hvac_services,2026-08-19T20:53:43.324190+09:00,RUN-20260819-205109-KST,
domain,Freon,hvac_services,2026-08-19T20:53:43.324190+09:00,RUN-20260819-205109-KST,
domain,Zoning,hvac_services,2026-08-19T20:53:43.324190+09:00,RUN-20260819-205109-KST,
domain,Humidifier,hvac_services,2026-08-19T20:53:43.324190+09:00,RUN-20260819-205109-KST,
domain,Dehumidifier,hvac_services,2026-08-19T20:53:43.324190+09:00,RUN-20260819-205109-KST,
domain,Igniter,hvac_services,2026-08-19T20:53:43.324190+09:00,RUN-20260819-205109-KST,
domain,Flue,hvac_services,2026-08-19T20:53:43.324190+09:00,RUN-20260819-205109-KST,
domain,Damper,hvac_services,2026-08-19T20:53:43.324190+09:00,RUN-20260819-205109-KST,
domain,Ventilation,hvac_services,2026-08-19T20:53:43.324190+09:00,RUN-20260819-205109-KST,
domain,Boiler,hvac_services,2026-08-19T20:53:43.324190+09:00,RUN-20260819-205109-KST,
domain,Radiator,hvac_services,2026-08-19T20:53:43.324190+09:00,RUN-20260819-205109-KST,
domain,Chiller,hvac_services,2026-08-19T20:53:43.324190+09:00,RUN-20260819-205109-KST,
domain,Ductless,hvac_services,2026-08-19T20:53:43.324190+09:00,RUN-20260819-205109-KST,
domain,Thermocouple,hvac_services,2026-08-19T20:53:43.324190+09:00,RUN-20260819-205109-KST,
domain,Capacitor,hvac_services,2026-08-19T20:53:43.324190+09:00,RUN-20260819-205109-KST,
domain,Padlock,locksmith_security_services,2026-08-19T20:53:43.324190+09:00,RUN-20260819-205109-KST,
domain,Keypad,locksmith_security_services,2026-08-19T20:53:43.324190+09:00,RUN-20260819-205109-KST,
domain,Biometric,locksmith_security_services,2026-08-19T20:53:43.324190+09:00,RUN-20260819-205109-KST,
domain,Intercom,locksmith_security_services,2026-08-19T20:53:43.324190+09:00,RUN-20260819-205109-KST,
domain,Deadlatch,locksmith_security_services,2026-08-19T20:53:43.324190+09:00,RUN-20260819-205109-KST,
domain,Strike,locksmith_security_services,2026-08-19T20:53:43.324190+09:00,RUN-20260819-205109-KST,
domain,Hinge,locksmith_security_services,2026-08-19T20:53:43.324190+09:00,RUN-20260819-205109-KST,
domain,Bolt,locksmith_security_services,2026-08-19T20:53:43.324190+09:00,RUN-20260819-205109-KST,
domain,Combination,locksmith_security_services,2026-08-19T20:53:43.324190+09:00,RUN-20260819-205109-KST,
domain,Mortise,locksmith_security_services,2026-08-19T20:53:43.324190+09:00,RUN-20260819-205109-KST,
domain,Rim,locksmith_security_services,2026-08-19T20:53:43.324190+09:00,RUN-20260819-205109-KST,
domain,Lever,locksmith_security_services,2026-08-19T20:53:43.324190+09:00,RUN-20260819-205109-KST,
domain,Pinning,locksmith_security_services,2026-08-19T20:53:43.324190+09:00,RUN-20260819-205109-KST,
domain,Shim,locksmith_security_services,2026-08-19T20:53:43.324190+09:00,RUN-20260819-205109-KST,
domain,Bump,locksmith_security_services,2026-08-19T20:53:43.324190+09:00,RUN-20260819-205109-KST,
domain,Impressioning,locksmith_security_services,2026-08-19T20:53:43.324190+09:00,RUN-20260819-205109-KST,
domain,Transponder,locksmith_security_services,2026-08-19T20:53:43.324190+09:00,RUN-20260819-205109-KST,
domain,Fob,locksmith_security_services,2026-08-19T20:53:43.324190+09:00,RUN-20260819-205109-KST,
domain,Panic,locksmith_security_services,2026-08-19T20:53:43.324190+09:00,RUN-20260819-205109-KST,
domain,Keyless,locksmith_security_services,2026-08-19T20:53:43.324190+09:00,RUN-20260819-205109-KST,
domain,Chlorine,pool_maintenance_services,2026-08-19T20:53:43.324190+09:00,RUN-20260819-205109-KST,
domain,Filter,pool_maintenance_services,2026-08-19T20:53:43.324190+09:00,RUN-20260819-205109-KST,
domain,Pump,pool_maintenance_services,2026-08-19T20:53:43.324190+09:00,RUN-20260819-205109-KST,
domain,Skimmer,pool_maintenance_services,2026-08-19T20:53:43.324190+09:00,RUN-20260819-205109-KST,
domain,Algae,pool_maintenance_services,2026-08-19T20:53:43.324190+09:00,RUN-20260819-205109-KST,
domain,Liner,pool_maintenance_services,2026-08-19T20:53:43.324190+09:00,RUN-20260819-205109-KST,
domain,Heater,pool_maintenance_services,2026-08-19T20:53:43.324190+09:00,RUN-20260819-205109-KST,
domain,Backwash,pool_maintenance_services,2026-08-19T20:53:43.324190+09:00,RUN-20260819-205109-KST,
domain,Vacuum,pool_maintenance_services,2026-08-19T20:53:43.324190+09:00,RUN-20260819-205109-KST,
domain,Route,pool_maintenance_services,2026-08-19T20:53:43.324190+09:00,RUN-20260819-205109-KST,
domain,Technician,pool_maintenance_services,2026-08-19T20:53:43.324190+09:00,RUN-20260819-205109-KST,
domain,Turbidity,pool_maintenance_services,2026-08-19T20:53:43.324190+09:00,RUN-20260819-205109-KST,
domain,Saltwater,pool_maintenance_services,2026-08-19T20:53:43.324190+09:00,RUN-20260819-205109-KST,
domain,Cover,pool_maintenance_services,2026-08-19T20:53:43.324190+09:00,RUN-20260819-205109-KST,
domain,Ladder,pool_maintenance_services,2026-08-19T20:53:43.324190+09:00,RUN-20260819-205109-KST,
domain,Tile,pool_maintenance_services,2026-08-19T20:53:43.324190+09:00,RUN-20260819-205109-KST,
domain,Coping,pool_maintenance_services,2026-08-19T20:53:43.324190+09:00,RUN-20260819-205109-KST,
domain,Winterization,pool_maintenance_services,2026-08-19T20:53:43.324190+09:00,RUN-20260819-205109-KST,
domain,Opening,pool_maintenance_services,2026-08-19T20:53:43.324190+09:00,RUN-20260819-205109-KST,
domain,Closing,pool_maintenance_services,2026-08-19T20:53:43.324190+09:00,RUN-20260819-205109-KST,
domain,Interpreter,interpreter_translation_services,2026-08-19T20:53:43.324190+09:00,RUN-20260819-205109-KST,
domain,Bilingual,interpreter_translation_services,2026-08-19T20:53:43.324190+09:00,RUN-20260819-205109-KST,
domain,Multilingual,interpreter_translation_services,2026-08-19T20:53:43.324190+09:00,RUN-20260819-205109-KST,
domain,Subtitling,interpreter_translation_services,2026-08-19T20:53:43.324190+09:00,RUN-20260819-205109-KST,
domain,Captioning,interpreter_translation_services,2026-08-19T20:53:43.324190+09:00,RUN-20260819-205109-KST,
domain,Notarization,interpreter_translation_services,2026-08-19T20:53:43.324190+09:00,RUN-20260819-205109-KST,
domain,Apostille,interpreter_translation_services,2026-08-19T20:53:43.324190+09:00,RUN-20260819-205109-KST,
domain,Linguist,interpreter_translation_services,2026-08-19T20:53:43.324190+09:00,RUN-20260819-205109-KST,
domain,Vocabulary,interpreter_translation_services,2026-08-19T20:53:43.324190+09:00,RUN-20260819-205109-KST,
domain,Syntax,interpreter_translation_services,2026-08-19T20:53:43.324190+09:00,RUN-20260819-205109-KST,
domain,Idiom,interpreter_translation_services,2026-08-19T20:53:43.324190+09:00,RUN-20260819-205109-KST,
domain,Consecutive,interpreter_translation_services,2026-08-19T20:53:43.324190+09:00,RUN-20260819-205109-KST,
domain,Simultaneous,interpreter_translation_services,2026-08-19T20:53:43.324190+09:00,RUN-20260819-205109-KST,
domain,Accreditation,interpreter_translation_services,2026-08-19T20:53:43.324190+09:00,RUN-20260819-205109-KST,
domain,Briefing,interpreter_translation_services,2026-08-19T20:53:43.324190+09:00,RUN-20260819-205109-KST,
function,Summary,,2026-08-19T20:53:43.324190+09:00,RUN-20260819-205109-KST,
function,Timeline,,2026-08-19T20:53:43.324190+09:00,RUN-20260819-205109-KST,
function,Reminder,,2026-08-19T20:53:43.324190+09:00,RUN-20260819-205109-KST,
function,Checklist,,2026-08-19T20:53:43.324190+09:00,RUN-20260819-205109-KST,
function,Index,,2026-08-19T20:53:43.324190+09:00,RUN-20260819-205109-KST,
function,Ticket,,2026-08-19T20:53:43.324190+09:00,RUN-20260819-205109-KST,
function,Queue,,2026-08-19T20:53:43.324190+09:00,RUN-20260819-205109-KST,
function,Estimate,,2026-08-19T20:53:43.324190+09:00,RUN-20260819-205109-KST,
function,Catalog,,2026-08-19T20:53:43.324190+09:00,RUN-20260819-205109-KST,
function,Hotline,,2026-08-19T20:53:43.324190+09:00,RUN-20260819-205109-KST,
domain,Endorsement,insurance,2026-08-19T21:35:02.973034+09:00,RUN-20260819-213339-KST,
domain,Reinsurance,insurance,2026-08-19T21:35:02.973034+09:00,RUN-20260819-213339-KST,
domain,Loss,insurance,2026-08-19T21:35:02.973034+09:00,RUN-20260819-213339-KST,
domain,Peril,insurance,2026-08-19T21:35:02.973034+09:00,RUN-20260819-213339-KST,
domain,Exclusion,insurance,2026-08-19T21:35:02.973034+09:00,RUN-20260819-213339-KST,
domain,Liability,insurance,2026-08-19T21:35:02.973034+09:00,RUN-20260819-213339-KST,
domain,Indemnity,insurance,2026-08-19T21:35:02.973034+09:00,RUN-20260819-213339-KST,
domain,Salvage,insurance,2026-08-19T21:35:02.973034+09:00,RUN-20260819-213339-KST,
domain,Settlement,insurance,2026-08-19T21:35:02.973034+09:00,RUN-20260819-213339-KST,
domain,Arbitration,insurance,2026-08-19T21:35:02.973034+09:00,RUN-20260819-213339-KST,
domain,Fraud,insurance,2026-08-19T21:35:02.973034+09:00,RUN-20260819-213339-KST,
domain,Lapse,insurance,2026-08-19T21:35:02.973034+09:00,RUN-20260819-213339-KST,
domain,Cancellation,insurance,2026-08-19T21:35:02.973034+09:00,RUN-20260819-213339-KST,
domain,Quote,insurance,2026-08-19T21:35:02.973034+09:00,RUN-20260819-213339-KST,
domain,Broker,insurance,2026-08-19T21:35:02.973034+09:00,RUN-20260819-213339-KST,
domain,Carrier,insurance,2026-08-19T21:35:02.973034+09:00,RUN-20260819-213339-KST,
domain,Beneficiary,insurance,2026-08-19T21:35:02.973034+09:00,RUN-20260819-213339-KST,
domain,Payout,insurance,2026-08-19T21:35:02.973034+09:00,RUN-20260819-213339-KST,
domain,Adjustment,insurance,2026-08-19T21:35:02.973034+09:00,RUN-20260819-213339-KST,
domain,Litigation,insurance,2026-08-19T21:35:02.973034+09:00,RUN-20260819-213339-KST,
domain,Lease,property_management_services,2026-08-19T21:35:02.973034+09:00,RUN-20260819-213339-KST,
domain,Parking,property_management_services,2026-08-19T21:35:02.973034+09:00,RUN-20260819-213339-KST,
domain,Pet,property_management_services,2026-08-19T21:35:02.973034+09:00,RUN-20260819-213339-KST,
domain,Balcony,property_management_services,2026-08-19T21:35:02.973034+09:00,RUN-20260819-213339-KST,
domain,Hallway,property_management_services,2026-08-19T21:35:02.973034+09:00,RUN-20260819-213339-KST,
domain,Fence,property_management_services,2026-08-19T21:35:02.973034+09:00,RUN-20260819-213339-KST,
domain,Pool,property_management_services,2026-08-19T21:35:02.973034+09:00,RUN-20260819-213339-KST,
domain,Clubhouse,property_management_services,2026-08-19T21:35:02.973034+09:00,RUN-20260819-213339-KST,
domain,Playground,property_management_services,2026-08-19T21:35:02.973034+09:00,RUN-20260819-213339-KST,
domain,Curb,property_management_services,2026-08-19T21:35:02.973034+09:00,RUN-20260819-213339-KST,
domain,Sidewalk,property_management_services,2026-08-19T21:35:02.973034+09:00,RUN-20260819-213339-KST,
domain,Mailroom,property_management_services,2026-08-19T21:35:02.973034+09:00,RUN-20260819-213339-KST,
domain,Storage,property_management_services,2026-08-19T21:35:02.973034+09:00,RUN-20260819-213339-KST,
domain,Fitness,property_management_services,2026-08-19T21:35:02.973034+09:00,RUN-20260819-213339-KST,
domain,Rooftop,property_management_services,2026-08-19T21:35:02.973034+09:00,RUN-20260819-213339-KST,
function,Order,,2026-08-19T21:35:02.973034+09:00,RUN-20260819-213339-KST,
function,Bill,,2026-08-19T21:35:02.973034+09:00,RUN-20260819-213339-KST,
function,Receipt,,2026-08-19T21:35:02.973034+09:00,RUN-20260819-213339-KST,
function,Code,,2026-08-19T21:35:02.973034+09:00,RUN-20260819-213339-KST,
function,List,,2026-08-19T21:35:02.973034+09:00,RUN-20260819-213339-KST,
function,Table,,2026-08-19T21:35:02.973034+09:00,RUN-20260819-213339-KST,
function,Book,,2026-08-19T21:35:02.973034+09:00,RUN-20260819-213339-KST,
function,Slip,,2026-08-19T21:35:02.973034+09:00,RUN-20260819-213339-KST,
function,Sample,,2026-08-19T21:35:02.973034+09:00,RUN-20260819-213339-KST,
function,Slot,,2026-08-19T21:35:02.973034+09:00,RUN-20260819-213339-KST,
domain,Policyholder,insurance,2026-08-19T22:40:26.561688+09:00,QA-20260819-223906-KST,
domain,Copay,insurance,2026-08-19T22:40:26.561688+09:00,QA-20260819-223906-KST,
domain,Coinsurance,insurance,2026-08-19T22:40:26.561688+09:00,QA-20260819-223906-KST,
domain,Grace,insurance,2026-08-19T22:40:26.561688+09:00,QA-20260819-223906-KST,
domain,Umbrella,insurance,2026-08-19T22:40:26.561688+09:00,QA-20260819-223906-KST,
domain,Declarations,insurance,2026-08-19T22:40:26.561688+09:00,QA-20260819-223906-KST,
domain,Appraisal,insurance,2026-08-19T22:40:26.561688+09:00,QA-20260819-223906-KST,
domain,Surcharge,insurance,2026-08-19T22:40:26.561688+09:00,QA-20260819-223906-KST,
domain,Reinstatement,insurance,2026-08-19T22:40:26.561688+09:00,QA-20260819-223906-KST,
domain,Nonrenewal,insurance,2026-08-19T22:40:26.561688+09:00,QA-20260819-223906-KST,
domain,Waiver,insurance,2026-08-19T22:40:26.561688+09:00,QA-20260819-223906-KST,
domain,Certificate,insurance,2026-08-19T22:40:26.561688+09:00,QA-20260819-223906-KST,
domain,Application,insurance,2026-08-19T22:40:26.561688+09:00,QA-20260819-223906-KST,
domain,Verification,insurance,2026-08-19T22:40:26.561688+09:00,QA-20260819-223906-KST,
domain,Investigation,insurance,2026-08-19T22:40:26.561688+09:00,QA-20260819-223906-KST,
domain,Tenant,property_management_services,2026-08-19T22:40:26.561688+09:00,QA-20260819-223906-KST,
domain,Landlord,property_management_services,2026-08-19T22:40:26.561688+09:00,QA-20260819-223906-KST,
domain,Rent,property_management_services,2026-08-19T22:40:26.561688+09:00,QA-20260819-223906-KST,
domain,Garage,property_management_services,2026-08-19T22:40:26.561688+09:00,QA-20260819-223906-KST,
domain,Laundry,property_management_services,2026-08-19T22:40:26.561688+09:00,QA-20260819-223906-KST,
domain,Driveway,property_management_services,2026-08-19T22:40:26.561688+09:00,QA-20260819-223906-KST,
domain,Entrance,property_management_services,2026-08-19T22:40:26.561688+09:00,QA-20260819-223906-KST,
domain,Courtyard,property_management_services,2026-08-19T22:40:26.561688+09:00,QA-20260819-223906-KST,
domain,Garden,property_management_services,2026-08-19T22:40:26.561688+09:00,QA-20260819-223906-KST,
domain,Basement,property_management_services,2026-08-19T22:40:26.561688+09:00,QA-20260819-223906-KST,
domain,Attic,property_management_services,2026-08-19T22:40:26.561688+09:00,QA-20260819-223906-KST,
domain,Thermostat,property_management_services,2026-08-19T22:40:26.561688+09:00,QA-20260819-223906-KST,
domain,Smoke,property_management_services,2026-08-19T22:40:26.561688+09:00,QA-20260819-223906-KST,
domain,Key,property_management_services,2026-08-19T22:40:26.561688+09:00,QA-20260819-223906-KST,
domain,Intercom,property_management_services,2026-08-19T22:40:26.561688+09:00,QA-20260819-223906-KST,
function,Pass,,2026-08-21T00:15:33.712776+09:00,RUN-20260821-001313-KST,
function,Voucher,,2026-08-21T00:15:33.712776+09:00,RUN-20260821-001313-KST,
function,Badge,,2026-08-21T00:15:33.712776+09:00,RUN-20260821-001313-KST,
function,Stub,,2026-08-21T00:15:33.712776+09:00,RUN-20260821-001313-KST,
function,Statement,,2026-08-21T00:15:33.712776+09:00,RUN-20260821-001313-KST,
function,Tally,,2026-08-21T00:15:33.712776+09:00,RUN-20260821-001313-KST,
function,Grade,,2026-08-21T00:15:33.712776+09:00,RUN-20260821-001313-KST,
function,Memo,,2026-08-21T00:15:33.712776+09:00,RUN-20260821-001313-KST,
function,Quota,,2026-08-21T00:15:33.712776+09:00,RUN-20260821-001313-KST,
function,Flag,,2026-08-21T00:15:33.712776+09:00,RUN-20260821-001313-KST,
function,Tab,,2026-08-21T00:15:33.712776+09:00,RUN-20260821-001313-KST,
domain,Insured,insurance,2026-08-21T00:40:18.154812+09:00,RUN-20260821-003914-KST,
domain,Claimant,insurance,2026-08-21T00:40:18.154812+09:00,RUN-20260821-003914-KST,
domain,Underwriter,insurance,2026-08-21T00:40:18.154812+09:00,RUN-20260821-003914-KST,
domain,Rebate,insurance,2026-08-21T00:40:18.154812+09:00,RUN-20260821-003914-KST,
domain,Reserve,insurance,2026-08-21T00:40:18.154812+09:00,RUN-20260821-003914-KST,
domain,Bond,insurance,2026-08-21T00:40:18.154812+09:00,RUN-20260821-003914-KST,
domain,Disclosure,insurance,2026-08-21T00:40:18.154812+09:00,RUN-20260821-003914-KST,
domain,Solvency,insurance,2026-08-21T00:40:18.154812+09:00,RUN-20260821-003914-KST,
domain,Retention,insurance,2026-08-21T00:40:18.154812+09:00,RUN-20260821-003914-KST,
domain,Excess,insurance,2026-08-21T00:40:18.154812+09:00,RUN-20260821-003914-KST,
domain,Aggregate,insurance,2026-08-21T00:40:18.154812+09:00,RUN-20260821-003914-KST,
domain,Mandate,insurance,2026-08-21T00:40:18.154812+09:00,RUN-20260821-003914-KST,
domain,Assignment,insurance,2026-08-21T00:40:18.154812+09:00,RUN-20260821-003914-KST,
domain,Audit,insurance,2026-08-21T00:40:18.154812+09:00,RUN-20260821-003914-KST,
domain,Refund,insurance,2026-08-21T00:40:18.154812+09:00,RUN-20260821-003914-KST,
domain,Negligence,insurance,2026-08-21T00:40:18.154812+09:00,RUN-20260821-003914-KST,
domain,Damages,insurance,2026-08-21T00:40:18.154812+09:00,RUN-20260821-003914-KST,
domain,Compensation,insurance,2026-08-21T00:40:18.154812+09:00,RUN-20260821-003914-KST,
domain,Testimony,insurance,2026-08-21T00:40:18.154812+09:00,RUN-20260821-003914-KST,
domain,Reimbursement,insurance,2026-08-21T00:40:18.154812+09:00,RUN-20260821-003914-KST,
domain,Concierge,property_management_services,2026-08-21T00:40:18.154812+09:00,RUN-20260821-003914-KST,
domain,Doorman,property_management_services,2026-08-21T00:40:18.154812+09:00,RUN-20260821-003914-KST,
domain,Superintendent,property_management_services,2026-08-21T00:40:18.154812+09:00,RUN-20260821-003914-KST,
domain,Custodian,property_management_services,2026-08-21T00:40:18.154812+09:00,RUN-20260821-003914-KST,
domain,Sprinkler,property_management_services,2026-08-21T00:40:18.154812+09:00,RUN-20260821-003914-KST,
domain,Alarm,property_management_services,2026-08-21T00:40:18.154812+09:00,RUN-20260821-003914-KST,
domain,Camera,property_management_services,2026-08-21T00:40:18.154812+09:00,RUN-20260821-003914-KST,
domain,Gate,property_management_services,2026-08-21T00:40:18.154812+09:00,RUN-20260821-003914-KST,
domain,Recycling,property_management_services,2026-08-21T00:40:18.154812+09:00,RUN-20260821-003914-KST,
domain,Compost,property_management_services,2026-08-21T00:40:18.154812+09:00,RUN-20260821-003914-KST,
domain,Bike,property_management_services,2026-08-21T00:40:18.154812+09:00,RUN-20260821-003914-KST,
domain,Mailbox,property_management_services,2026-08-21T00:40:18.154812+09:00,RUN-20260821-003914-KST,
domain,Signage,property_management_services,2026-08-21T00:40:18.154812+09:00,RUN-20260821-003914-KST,
domain,Locksmith,property_management_services,2026-08-21T00:40:18.154812+09:00,RUN-20260821-003914-KST,
domain,Plumbing,property_management_services,2026-08-21T00:40:18.154812+09:00,RUN-20260821-003914-KST,
function,Bulletin,,2026-08-21T00:55:25.966155+09:00,RUN-20260821-005409-KST,
function,Brief,,2026-08-21T00:55:25.966155+09:00,RUN-20260821-005409-KST,
function,Circular,,2026-08-21T00:55:25.966155+09:00,RUN-20260821-005409-KST,
function,Advisory,,2026-08-21T00:55:25.966155+09:00,RUN-20260821-005409-KST,
function,Petition,,2026-08-21T00:55:25.966155+09:00,RUN-20260821-005409-KST,
function,Confirmation,,2026-08-21T00:55:25.966155+09:00,RUN-20260821-005409-KST,
function,Dossier,,2026-08-21T00:55:25.966155+09:00,RUN-20260821-005409-KST,
function,Recap,,2026-08-21T00:55:25.966155+09:00,RUN-20260821-005409-KST,
function,Excerpt,,2026-08-21T00:55:25.966155+09:00,RUN-20260821-005409-KST,
function,Entry,,2026-08-21T00:55:25.966155+09:00,RUN-20260821-005409-KST,
domain,Salary,hr_payroll,2026-08-21T01:13:12.081073+09:00,RUN-20260821-011159-KST,
domain,Wage,hr_payroll,2026-08-21T01:13:12.081073+09:00,RUN-20260821-011159-KST,
domain,Bonus,hr_payroll,2026-08-21T01:13:12.081073+09:00,RUN-20260821-011159-KST,
domain,Deduction,hr_payroll,2026-08-21T01:13:12.081073+09:00,RUN-20260821-011159-KST,
domain,Withholding,hr_payroll,2026-08-21T01:13:12.081073+09:00,RUN-20260821-011159-KST,
domain,Garnishment,hr_payroll,2026-08-21T01:13:12.081073+09:00,RUN-20260821-011159-KST,
domain,Severance,hr_payroll,2026-08-21T01:13:12.081073+09:00,RUN-20260821-011159-KST,
domain,Pension,hr_payroll,2026-08-21T01:13:12.081073+09:00,RUN-20260821-011159-KST,
domain,Vesting,hr_payroll,2026-08-21T01:13:12.081073+09:00,RUN-20260821-011159-KST,
domain,Headcount,hr_payroll,2026-08-21T01:13:12.081073+09:00,RUN-20260821-011159-KST,
domain,Attrition,hr_payroll,2026-08-21T01:13:12.081073+09:00,RUN-20260821-011159-KST,
domain,Promotion,hr_payroll,2026-08-21T01:13:12.081073+09:00,RUN-20260821-011159-KST,
domain,Demotion,hr_payroll,2026-08-21T01:13:12.081073+09:00,RUN-20260821-011159-KST,
domain,Termination,hr_payroll,2026-08-21T01:13:12.081073+09:00,RUN-20260821-011159-KST,
domain,Grievance,hr_payroll,2026-08-21T01:13:12.081073+09:00,RUN-20260821-011159-KST,
domain,Union,hr_payroll,2026-08-21T01:13:12.081073+09:00,RUN-20260821-011159-KST,
domain,Seniority,hr_payroll,2026-08-21T01:13:12.081073+09:00,RUN-20260821-011159-KST,
domain,Probation,hr_payroll,2026-08-21T01:13:12.081073+09:00,RUN-20260821-011159-KST,
domain,Training,hr_payroll,2026-08-21T01:13:12.081073+09:00,RUN-20260821-011159-KST,
domain,Dependent,hr_payroll,2026-08-21T01:13:12.081073+09:00,RUN-20260821-011159-KST,
domain,Inquiry,customer_support,2026-08-21T01:13:12.081073+09:00,RUN-20260821-011159-KST,
domain,Request,customer_support,2026-08-21T01:13:12.081073+09:00,RUN-20260821-011159-KST,
domain,Case,customer_support,2026-08-21T01:13:12.081073+09:00,RUN-20260821-011159-KST,
domain,Agent,customer_support,2026-08-21T01:13:12.081073+09:00,RUN-20260821-011159-KST,
domain,Channel,customer_support,2026-08-21T01:13:12.081073+09:00,RUN-20260821-011159-KST,
domain,Survey,customer_support,2026-08-21T01:13:12.081073+09:00,RUN-20260821-011159-KST,
domain,Rating,customer_support,2026-08-21T01:13:12.081073+09:00,RUN-20260821-011159-KST,
domain,Sentiment,customer_support,2026-08-21T01:13:12.081073+09:00,RUN-20260821-011159-KST,
domain,Priority,customer_support,2026-08-21T01:13:12.081073+09:00,RUN-20260821-011159-KST,
domain,Severity,customer_support,2026-08-21T01:13:12.081073+09:00,RUN-20260821-011159-KST,
domain,Hold,customer_support,2026-08-21T01:13:12.081073+09:00,RUN-20260821-011159-KST,
domain,Transfer,customer_support,2026-08-21T01:13:12.081073+09:00,RUN-20260821-011159-KST,
domain,Handoff,customer_support,2026-08-21T01:13:12.081073+09:00,RUN-20260821-011159-KST,
domain,Backlog,customer_support,2026-08-21T01:13:12.081073+09:00,RUN-20260821-011159-KST,
domain,Contact,customer_support,2026-08-21T01:13:12.081073+09:00,RUN-20260821-011159-KST,
domain,Buyer,real_estate,2026-08-21T01:29:52.964039+09:00,RUN-20260821-012932-KST,
domain,Seller,real_estate,2026-08-21T01:29:52.964039+09:00,RUN-20260821-012932-KST,
domain,Rezoning,real_estate,2026-08-21T01:29:52.964039+09:00,RUN-20260821-012932-KST,
domain,Counteroffer,real_estate,2026-08-21T01:29:52.964039+09:00,RUN-20260821-012932-KST,
domain,Showing,real_estate,2026-08-21T01:29:52.964039+09:00,RUN-20260821-012932-KST,
domain,Walkthrough,real_estate,2026-08-21T01:29:52.964039+09:00,RUN-20260821-012932-KST,
domain,Contingency,real_estate,2026-08-21T01:29:52.964039+09:00,RUN-20260821-012932-KST,
domain,Amendment,real_estate,2026-08-21T01:29:52.964039+09:00,RUN-20260821-012932-KST,
domain,Addendum,real_estate,2026-08-21T01:29:52.964039+09:00,RUN-20260821-012932-KST,
domain,Survey,real_estate,2026-08-21T01:29:52.964039+09:00,RUN-20260821-012932-KST,
domain,Easement,real_estate,2026-08-21T01:29:52.964039+09:00,RUN-20260821-012932-KST,
domain,Foreclosure,real_estate,2026-08-21T01:29:52.964039+09:00,RUN-20260821-012932-KST,
domain,Refinance,real_estate,2026-08-21T01:29:52.964039+09:00,RUN-20260821-012932-KST,
domain,Equity,real_estate,2026-08-21T01:29:52.964039+09:00,RUN-20260821-012932-KST,
domain,Valuation,real_estate,2026-08-21T01:29:52.964039+09:00,RUN-20260821-012932-KST,
domain,Realtor,real_estate,2026-08-21T01:29:52.964039+09:00,RUN-20260821-012932-KST,
domain,Staging,real_estate,2026-08-21T01:29:52.964039+09:00,RUN-20260821-012932-KST,
domain,Comparable,real_estate,2026-08-21T01:29:52.964039+09:00,RUN-20260821-012932-KST,
domain,Renovation,real_estate,2026-08-21T01:29:52.964039+09:00,RUN-20260821-012932-KST,
domain,Neighborhood,real_estate,2026-08-21T01:29:52.964039+09:00,RUN-20260821-012932-KST,
domain,Semester,education,2026-08-21T01:29:52.964039+09:00,RUN-20260821-012932-KST,
domain,Quarter,education,2026-08-21T01:29:52.964039+09:00,RUN-20260821-012932-KST,
domain,Credit,education,2026-08-21T01:29:52.964039+09:00,RUN-20260821-012932-KST,
domain,Major,education,2026-08-21T01:29:52.964039+09:00,RUN-20260821-012932-KST,
domain,Minor,education,2026-08-21T01:29:52.964039+09:00,RUN-20260821-012932-KST,
domain,Elective,education,2026-08-21T01:29:52.964039+09:00,RUN-20260821-012932-KST,
domain,Prerequisite,education,2026-08-21T01:29:52.964039+09:00,RUN-20260821-012932-KST,
domain,Thesis,education,2026-08-21T01:29:52.964039+09:00,RUN-20260821-012932-KST,
domain,Dissertation,education,2026-08-21T01:29:52.964039+09:00,RUN-20260821-012932-KST,
domain,Internship,education,2026-08-21T01:29:52.964039+09:00,RUN-20260821-012932-KST,
domain,Practicum,education,2026-08-21T01:29:52.964039+09:00,RUN-20260821-012932-KST,
domain,Orientation,education,2026-08-21T01:29:52.964039+09:00,RUN-20260821-012932-KST,
domain,Commencement,education,2026-08-21T01:29:52.964039+09:00,RUN-20260821-012932-KST,
domain,Detention,education,2026-08-21T01:29:52.964039+09:00,RUN-20260821-012932-KST,
domain,Suspension,education,2026-08-21T01:29:52.964039+09:00,RUN-20260821-012932-KST,
domain,Tutoring,education,2026-08-21T01:29:52.964039+09:00,RUN-20260821-012932-KST,
domain,Mentorship,education,2026-08-21T01:29:52.964039+09:00,RUN-20260821-012932-KST,
domain,Rubric,education,2026-08-21T01:29:52.964039+09:00,RUN-20260821-012932-KST,
domain,Transfer,education,2026-08-21T01:29:52.964039+09:00,RUN-20260821-012932-KST,
domain,Withdrawal,education,2026-08-21T01:29:52.964039+09:00,RUN-20260821-012932-KST,
function,Fee,,2026-08-21T01:47:31.192843+09:00,RUN-20260821-014701-KST,
function,Item,,2026-08-21T01:47:31.192843+09:00,RUN-20260821-014701-KST,
function,Unit,,2026-08-21T01:47:31.192843+09:00,RUN-20260821-014701-KST,
function,Plan,,2026-08-21T01:47:31.192843+09:00,RUN-20260821-014701-KST,
function,Deal,,2026-08-21T01:47:31.192843+09:00,RUN-20260821-014701-KST,
function,Cost,,2026-08-21T02:02:12.361833+09:00,RUN-20260821-020148-KST,
function,Price,,2026-08-21T02:02:12.361833+09:00,RUN-20260821-020148-KST,
function,Fare,,2026-08-21T02:02:12.361833+09:00,RUN-20260821-020148-KST,
function,Tax,,2026-08-21T02:02:12.361833+09:00,RUN-20260821-020148-KST,
function,Loan,,2026-08-21T02:02:12.361833+09:00,RUN-20260821-020148-KST,
function,Sum,,2026-08-21T02:17:01.880312+09:00,RUN-20260821-021637-KST,
function,Debt,,2026-08-21T02:17:01.880312+09:00,RUN-20260821-021637-KST,
function,Fund,,2026-08-21T02:17:01.880312+09:00,RUN-20260821-021637-KST,
function,Cash,,2026-08-21T02:17:01.880312+09:00,RUN-20260821-021637-KST,
function,Sale,,2026-08-21T02:17:01.880312+09:00,RUN-20260821-021637-KST,
function,Charge,,2026-08-21T02:32:22.960243+09:00,RUN-20260821-023157-KST,
function,Duty,,2026-08-21T02:32:22.960243+09:00,RUN-20260821-023157-KST,
function,Toll,,2026-08-21T02:32:22.960243+09:00,RUN-20260821-023157-KST,
function,Allowance,,2026-08-21T02:32:22.960243+09:00,RUN-20260821-023157-KST,
function,Tariff,,2026-08-21T02:32:22.960243+09:00,RUN-20260821-023157-KST,
function,Profit,,2026-08-23T02:43:51.575050+09:00,RUN-20260823-024244-KST,
function,Value,,2026-08-23T02:43:51.575050+09:00,RUN-20260823-024244-KST,
function,Stake,,2026-08-23T02:43:51.575050+09:00,RUN-20260823-024244-KST,
function,Margin,,2026-08-23T02:43:51.575050+09:00,RUN-20260823-024244-KST,
function,Fine,,2026-08-23T02:43:51.575050+09:00,RUN-20260823-024244-KST,
function,Number,,2026-08-23T03:09:25.045985+09:00,RUN-20260823-030806-KST,
function,Version,,2026-08-23T03:09:25.045985+09:00,RUN-20260823-030806-KST,
function,Link,,2026-08-23T03:09:25.045985+09:00,RUN-20260823-030806-KST,
function,Rule,,2026-08-23T03:09:25.045985+09:00,RUN-20260823-030806-KST,
function,Detail,,2026-08-23T03:09:25.045985+09:00,RUN-20260823-030806-KST,
function,Identifier,,2026-08-23T12:55:20.979855+09:00,RUN-20260823-125430-KST,
function,Category,,2026-08-23T12:55:20.979855+09:00,RUN-20260823-125430-KST,
function,Attribute,,2026-08-23T12:55:20.979855+09:00,RUN-20260823-125430-KST,
function,Field,,2026-08-23T12:55:20.979855+09:00,RUN-20260823-125430-KST,
function,Format,,2026-08-23T12:55:20.979855+09:00,RUN-20260823-125430-KST,
function,Serial,,2026-08-23T13:13:02.448644+09:00,RUN-20260823-131209-KST,
function,Token,,2026-08-23T13:13:02.448644+09:00,RUN-20260823-131209-KST,
function,Signature,,2026-08-23T13:13:02.448644+09:00,RUN-20260823-131209-KST,
function,Marker,,2026-08-23T13:13:02.448644+09:00,RUN-20260823-131209-KST,
function,Stamp,,2026-08-23T13:13:02.448644+09:00,RUN-20260823-131209-KST,
function,Balance,,2026-08-23T13:30:18.500242+09:00,RUN-20260823-133002-KST,
function,Interest,,2026-08-23T13:30:18.500242+09:00,RUN-20260823-133002-KST,
function,Asset,,2026-08-23T13:30:18.500242+09:00,RUN-20260823-133002-KST,
function,Levy,,2026-08-23T13:30:18.500242+09:00,RUN-20260823-133002-KST,
function,Stipend,,2026-08-23T13:30:18.500242+09:00,RUN-20260823-133002-KST,
function,Due,,2026-08-23T13:50:34.242053+09:00,RUN-20260823-135014-KST,
function,Overdraft,,2026-08-23T13:50:34.242053+09:00,RUN-20260823-135014-KST,
function,Subsidy,,2026-08-23T13:50:34.242053+09:00,RUN-20260823-135014-KST,
function,Endowment,,2026-08-23T13:50:34.242053+09:00,RUN-20260823-135014-KST,
function,Surtax,,2026-08-23T13:50:34.242053+09:00,RUN-20260823-135014-KST,
function,Discount,,2026-08-23T15:57:20.026923+09:00,RUN-20260823-155702-KST,
function,Installment,,2026-08-23T15:57:20.026923+09:00,RUN-20260823-155702-KST,
function,Contribution,,2026-08-23T15:57:20.026923+09:00,RUN-20260823-155702-KST,
function,Arrears,,2026-08-23T15:57:20.026923+09:00,RUN-20260823-155702-KST,
function,Advance,,2026-08-23T15:57:20.026923+09:00,RUN-20260823-155702-KST,
function,Penalty,,2026-08-23T16:19:51.048110+09:00,RUN-20260823-161934-KST,
function,Markup,,2026-08-23T16:19:51.048110+09:00,RUN-20260823-161934-KST,
function,Copayment,,2026-08-23T16:19:51.048110+09:00,RUN-20260823-161934-KST,
function,Redemption,,2026-08-23T16:19:51.048110+09:00,RUN-20260823-161934-KST,
function,Extension,,2026-08-23T16:19:51.048110+09:00,RUN-20260823-161934-KST,
function,Coupon,,2026-08-23T16:42:04.770181+09:00,RUN-20260823-164148-KST,
function,Cashback,,2026-08-23T16:42:04.770181+09:00,RUN-20260823-164148-KST,
function,Trial,,2026-08-23T16:42:04.770181+09:00,RUN-20260823-164148-KST,
function,Incentive,,2026-08-23T16:42:04.770181+09:00,RUN-20260823-164148-KST,
function,Giveaway,,2026-08-23T16:42:04.770181+09:00,RUN-20260823-164148-KST,
function,Overdue,,2026-08-27T21:25:29.021182+09:00,RUN-20260827-212217-KST,
function,Payoff,,2026-08-27T21:25:29.021182+09:00,RUN-20260827-212217-KST,
function,Overage,,2026-08-27T21:25:29.021182+09:00,RUN-20260827-212217-KST,
function,Downpayment,,2026-08-27T21:25:29.021182+09:00,RUN-20260827-212217-KST,
function,Shortfall,,2026-08-27T21:25:29.021182+09:00,RUN-20260827-212217-KST,
function,Graph,,2026-08-27T21:53:57.219849+09:00,RUN-20260827-215348-KST,
function,Label,,2026-08-27T21:53:57.219849+09:00,RUN-20260827-215348-KST,
function,Manual,,2026-08-27T21:53:57.219849+09:00,RUN-20260827-215348-KST,
function,Worksheet,,2026-08-27T21:53:57.219849+09:00,RUN-20260827-215348-KST,
function,Diagram,,2026-08-27T21:53:57.219849+09:00,RUN-20260827-215348-KST,
function,Schematic,,2026-08-27T22:18:00.178567+09:00,RUN-20260827-221751-KST,
function,Layout,,2026-08-27T22:18:00.178567+09:00,RUN-20260827-221751-KST,
function,Sketch,,2026-08-27T22:18:00.178567+09:00,RUN-20260827-221751-KST,
function,Outline,,2026-08-27T22:18:00.178567+09:00,RUN-20260827-221751-KST,
function,Rendering,,2026-08-27T22:18:00.178567+09:00,RUN-20260827-221751-KST,
function,Notification,,2026-08-27T22:31:48.891686+09:00,RUN-20260827-223140-KST,
function,Kit,,2026-08-27T22:31:48.891686+09:00,RUN-20260827-223140-KST,
function,Wallet,,2026-08-27T22:31:48.891686+09:00,RUN-20260827-223140-KST,
function,Count,,2026-08-27T22:31:48.891686+09:00,RUN-20260827-223140-KST,
function,Helpdesk,,2026-08-27T22:31:48.891686+09:00,RUN-20260827-223140-KST,
function,Message,,2026-08-27T22:53:53.381069+09:00,RUN-20260827-225344-KST,
function,Total,,2026-08-27T22:53:53.381069+09:00,RUN-20260827-225344-KST,
function,Widget,,2026-08-27T22:53:53.381069+09:00,RUN-20260827-225344-KST,
function,Cabinet,,2026-08-27T22:53:53.381069+09:00,RUN-20260827-225344-KST,
function,Repository,,2026-08-27T22:53:53.381069+09:00,RUN-20260827-225344-KST,
function,Announcement,,2026-08-27T23:18:40.027001+09:00,RUN-20260827-231830-KST,
function,Calculator,,2026-08-27T23:18:40.027001+09:00,RUN-20260827-231830-KST,
function,Converter,,2026-08-27T23:18:40.027001+09:00,RUN-20260827-231830-KST,
function,Generator,,2026-08-27T23:18:40.027001+09:00,RUN-20260827-231830-KST,
function,Recorder,,2026-08-27T23:18:40.027001+09:00,RUN-20260827-231830-KST,
function,Estimator,,2026-08-27T23:39:04.059482+09:00,RUN-20260827-233854-KST,
function,Checker,,2026-08-27T23:39:04.059482+09:00,RUN-20260827-233854-KST,
function,Scanner,,2026-08-27T23:39:04.059482+09:00,RUN-20260827-233854-KST,
function,Detector,,2026-08-27T23:39:04.059482+09:00,RUN-20260827-233854-KST,
function,Analyzer,,2026-08-27T23:39:04.059482+09:00,RUN-20260827-233854-KST,
function,Timer,,2026-08-28T00:01:39.524853+09:00,RUN-20260828-000130-KST,
function,Workshop,,2026-08-28T00:01:39.524853+09:00,RUN-20260828-000130-KST,
function,Guardian,,2026-08-28T00:01:39.524853+09:00,RUN-20260828-000130-KST,
function,Toolbox,,2026-08-28T00:01:39.524853+09:00,RUN-20260828-000130-KST,
function,Helper,,2026-08-28T00:01:39.524853+09:00,RUN-20260828-000130-KST,
function,Stage,,2026-08-28T00:29:33.630726+09:00,RUN-20260828-002924-KST,
function,Result,,2026-08-28T00:29:33.630726+09:00,RUN-20260828-002924-KST,
function,Streak,,2026-08-28T00:29:33.630726+09:00,RUN-20260828-002924-KST,
function,Tier,,2026-08-28T00:29:33.630726+09:00,RUN-20260828-002924-KST,
function,Rank,,2026-08-28T00:29:33.630726+09:00,RUN-20260828-002924-KST,
function,Trend,,2026-08-28T00:50:41.070574+09:00,RUN-20260828-005031-KST,
function,Comparison,,2026-08-28T00:50:41.070574+09:00,RUN-20260828-005031-KST,
function,Preview,,2026-08-28T00:50:41.070574+09:00,RUN-20260828-005031-KST,
function,Proposal,,2026-08-28T00:50:41.070574+09:00,RUN-20260828-005031-KST,
function,Guarantee,,2026-08-28T00:50:41.070574+09:00,RUN-20260828-005031-KST,
function,Record,,2026-08-28T01:10:40.749521+09:00,RUN-20260828-011031-KST,
function,Copy,,2026-08-28T01:10:40.749521+09:00,RUN-20260828-011031-KST,
function,Folder,,2026-08-28T01:10:40.749521+09:00,RUN-20260828-011031-KST,
function,Overview,,2026-08-28T01:10:40.749521+09:00,RUN-20260828-011031-KST,
function,Reading,,2026-08-28T01:10:40.749521+09:00,RUN-20260828-011031-KST,
domain,Waybill,logistics,2026-08-28T20:27:37.090182+09:00,RUN-20260828-202233-KST,
domain,Consignment,logistics,2026-08-28T20:27:37.090182+09:00,RUN-20260828-202233-KST,
domain,Consignee,logistics,2026-08-28T20:27:37.090182+09:00,RUN-20260828-202233-KST,
domain,Shipper,logistics,2026-08-28T20:27:37.090182+09:00,RUN-20260828-202233-KST,
domain,Forwarder,logistics,2026-08-28T20:27:37.090182+09:00,RUN-20260828-202233-KST,
domain,Lane,logistics,2026-08-28T20:27:37.090182+09:00,RUN-20260828-202233-KST,
domain,Trailer,logistics,2026-08-28T20:27:37.090182+09:00,RUN-20260828-202233-KST,
domain,Chassis,logistics,2026-08-28T20:27:37.090182+09:00,RUN-20260828-202233-KST,
domain,Payload,logistics,2026-08-28T20:27:37.090182+09:00,RUN-20260828-202233-KST,
domain,Loading,logistics,2026-08-28T20:27:37.090182+09:00,RUN-20260828-202233-KST,
domain,Unloading,logistics,2026-08-28T20:27:37.090182+09:00,RUN-20260828-202233-KST,
domain,Weighbridge,logistics,2026-08-28T20:27:37.090182+09:00,RUN-20260828-202233-KST,
domain,Backhaul,logistics,2026-08-28T20:27:37.090182+09:00,RUN-20260828-202233-KST,
domain,Intermodal,logistics,2026-08-28T20:27:37.090182+09:00,RUN-20260828-202233-KST,
domain,Crossdock,logistics,2026-08-28T20:27:37.090182+09:00,RUN-20260828-202233-KST,
domain,Drayage,logistics,2026-08-28T20:27:37.090182+09:00,RUN-20260828-202233-KST,
domain,Consolidation,logistics,2026-08-28T20:27:37.090182+09:00,RUN-20260828-202233-KST,
domain,Bulk,logistics,2026-08-28T20:27:37.090182+09:00,RUN-20260828-202233-KST,
domain,Reefer,logistics,2026-08-28T20:27:37.090182+09:00,RUN-20260828-202233-KST,
domain,Flatbed,logistics,2026-08-28T20:27:37.090182+09:00,RUN-20260828-202233-KST,
domain,Tanker,logistics,2026-08-28T20:27:37.090182+09:00,RUN-20260828-202233-KST,
function,Reference,,2026-08-28T20:27:37.090182+09:00,RUN-20260828-202233-KST,
function,Forecast,,2026-08-28T20:27:37.090182+09:00,RUN-20260828-202233-KST,
function,Deadline,,2026-08-28T20:27:37.090182+09:00,RUN-20260828-202233-KST,
function,Duration,,2026-08-28T20:27:37.090182+09:00,RUN-20260828-202233-KST,
function,Volume,,2026-08-28T20:27:37.090182+09:00,RUN-20260828-202233-KST,
function,Threshold,,2026-08-28T20:27:37.090182+09:00,RUN-20260828-202233-KST,
function,Benchmark,,2026-08-28T20:27:37.090182+09:00,RUN-20260828-202233-KST,
function,Diagnostic,,2026-08-28T20:27:37.090182+09:00,RUN-20260828-202233-KST,
function,Progress,,2026-08-28T20:27:37.090182+09:00,RUN-20260828-202233-KST,
function,Authorization,,2026-08-28T20:27:37.090182+09:00,RUN-20260828-202233-KST,
function,Template,,2026-08-29T12:49:35.020487+09:00,RUN-20260829-124450-KST,
function,Guide,,2026-08-29T12:49:35.020487+09:00,RUN-20260829-124450-KST,
function,Rating,,2026-08-29T12:49:35.020487+09:00,RUN-20260829-124450-KST,
function,Agreement,,2026-08-29T12:49:35.020487+09:00,RUN-20260829-124450-KST,
function,Poll,,2026-08-29T12:49:35.020487+09:00,RUN-20260829-124450-KST,
domain,Doctor,healthcare,2026-08-29T12:49:35.020487+09:00,RUN-20260829-124450-KST,
domain,Nurse,healthcare,2026-08-29T12:49:35.020487+09:00,RUN-20260829-124450-KST,
domain,Clinic,healthcare,2026-08-29T12:49:35.020487+09:00,RUN-20260829-124450-KST,
domain,Symptom,healthcare,2026-08-29T12:49:35.020487+09:00,RUN-20260829-124450-KST,
domain,Ward,healthcare,2026-08-29T12:49:35.020487+09:00,RUN-20260829-124450-KST,
domain,Checkup,healthcare,2026-08-29T12:49:35.020487+09:00,RUN-20260829-124450-KST,
domain,Vaccine,healthcare,2026-08-29T12:49:35.020487+09:00,RUN-20260829-124450-KST,
domain,Allergy,healthcare,2026-08-29T12:49:35.020487+09:00,RUN-20260829-124450-KST,
domain,Dosage,healthcare,2026-08-29T12:49:35.020487+09:00,RUN-20260829-124450-KST,
domain,Specialist,healthcare,2026-08-29T12:49:35.020487+09:00,RUN-20260829-124450-KST,
domain,Emergency,healthcare,2026-08-29T12:49:35.020487+09:00,RUN-20260829-124450-KST,
domain,Surgery,healthcare,2026-08-29T12:49:35.020487+09:00,RUN-20260829-124450-KST,
domain,Therapy,healthcare,2026-08-29T12:49:35.020487+09:00,RUN-20260829-124450-KST,
domain,Recovery,healthcare,2026-08-29T12:49:35.020487+09:00,RUN-20260829-124450-KST,
domain,Visit,healthcare,2026-08-29T12:49:35.020487+09:00,RUN-20260829-124450-KST,
domain,Test,healthcare,2026-08-29T12:49:35.020487+09:00,RUN-20260829-124450-KST,
domain,Bandage,healthcare,2026-08-29T12:49:35.020487+09:00,RUN-20260829-124450-KST,
domain,Hospital,healthcare,2026-08-29T12:49:35.020487+09:00,RUN-20260829-124450-KST,
domain,Injury,healthcare,2026-08-29T12:49:35.020487+09:00,RUN-20260829-124450-KST,
domain,Illness,healthcare,2026-08-29T12:49:35.020487+09:00,RUN-20260829-124450-KST,
function,Reply,,2026-08-29T13:31:21.205740+09:00,RUN-20260829-133006-KST,
domain,Pharmacist,pharmacy,2026-08-29T13:31:21.205740+09:00,RUN-20260829-133006-KST,
domain,Medicine,pharmacy,2026-08-29T13:31:21.205740+09:00,RUN-20260829-133006-KST,
domain,Bottle,pharmacy,2026-08-29T13:31:21.205740+09:00,RUN-20260829-133006-KST,
domain,Capsule,pharmacy,2026-08-29T13:31:21.205740+09:00,RUN-20260829-133006-KST,
domain,Tablet,pharmacy,2026-08-29T13:31:21.205740+09:00,RUN-20260829-133006-KST,
domain,Syrup,pharmacy,2026-08-29T13:31:21.205740+09:00,RUN-20260829-133006-KST,
domain,Ointment,pharmacy,2026-08-29T13:31:21.205740+09:00,RUN-20260829-133006-KST,
domain,Inhaler,pharmacy,2026-08-29T13:31:21.205740+09:00,RUN-20260829-133006-KST,
domain,Injection,pharmacy,2026-08-29T13:31:21.205740+09:00,RUN-20260829-133006-KST,
domain,Vitamin,pharmacy,2026-08-29T13:31:21.205740+09:00,RUN-20260829-133006-KST,
domain,Supplement,pharmacy,2026-08-29T13:31:21.205740+09:00,RUN-20260829-133006-KST,
domain,Generic,pharmacy,2026-08-29T13:31:21.205740+09:00,RUN-20260829-133006-KST,
domain,Brand,pharmacy,2026-08-29T13:31:21.205740+09:00,RUN-20260829-133006-KST,
domain,Expiration,pharmacy,2026-08-29T13:31:21.205740+09:00,RUN-20260829-133006-KST,
domain,Refrigeration,pharmacy,2026-08-29T13:31:21.205740+09:00,RUN-20260829-133006-KST,
domain,Pickup,pharmacy,2026-08-29T13:31:21.205740+09:00,RUN-20260829-133006-KST,
domain,Delivery,pharmacy,2026-08-29T13:31:21.205740+09:00,RUN-20260829-133006-KST,
domain,Counseling,pharmacy,2026-08-29T13:31:21.205740+09:00,RUN-20260829-133006-KST,
domain,Substitution,pharmacy,2026-08-29T13:31:21.205740+09:00,RUN-20260829-133006-KST,
domain,Allergy,pharmacy,2026-08-29T13:31:21.205740+09:00,RUN-20260829-133006-KST,
domain,Vet,veterinary,2026-08-29T13:31:21.205740+09:00,RUN-20260829-133006-KST,
domain,Puppy,veterinary,2026-08-29T13:31:21.205740+09:00,RUN-20260829-133006-KST,
domain,Kitten,veterinary,2026-08-29T13:31:21.205740+09:00,RUN-20260829-133006-KST,
domain,Spay,veterinary,2026-08-29T13:31:21.205740+09:00,RUN-20260829-133006-KST,
domain,Neuter,veterinary,2026-08-29T13:31:21.205740+09:00,RUN-20260829-133006-KST,
domain,Deworming,veterinary,2026-08-29T13:31:21.205740+09:00,RUN-20260829-133006-KST,
domain,Flea,veterinary,2026-08-29T13:31:21.205740+09:00,RUN-20260829-133006-KST,
domain,Tick,veterinary,2026-08-29T13:31:21.205740+09:00,RUN-20260829-133006-KST,
domain,Litter,veterinary,2026-08-29T13:31:21.205740+09:00,RUN-20260829-133006-KST,
domain,Cage,veterinary,2026-08-29T13:31:21.205740+09:00,RUN-20260829-133006-KST,
domain,Leash,veterinary,2026-08-29T13:31:21.205740+09:00,RUN-20260829-133006-KST,
domain,Collar,veterinary,2026-08-29T13:31:21.205740+09:00,RUN-20260829-133006-KST,
domain,Adoption,veterinary,2026-08-29T13:31:21.205740+09:00,RUN-20260829-133006-KST,
domain,Shelter,veterinary,2026-08-29T13:31:21.205740+09:00,RUN-20260829-133006-KST,
domain,Exam,veterinary,2026-08-29T13:31:21.205740+09:00,RUN-20260829-133006-KST,
domain,Xray,veterinary,2026-08-29T13:31:21.205740+09:00,RUN-20260829-133006-KST,
domain,Bloodwork,veterinary,2026-08-29T13:31:21.205740+09:00,RUN-20260829-133006-KST,
domain,Euthanasia,veterinary,2026-08-29T13:31:21.205740+09:00,RUN-20260829-133006-KST,
domain,Diet,veterinary,2026-08-29T13:31:21.205740+09:00,RUN-20260829-133006-KST,
domain,Behavior,veterinary,2026-08-29T13:31:21.205740+09:00,RUN-20260829-133006-KST,
domain,Emission,automotive,2026-08-29T14:12:36.347611+09:00,RUN-20260829-141158-KST,
domain,Alignment,automotive,2026-08-29T14:12:36.347611+09:00,RUN-20260829-141158-KST,
domain,Roadtest,automotive,2026-08-29T14:12:36.347611+09:00,RUN-20260829-141158-KST,
domain,Smog,automotive,2026-08-29T14:12:36.347611+09:00,RUN-20260829-141158-KST,
domain,Tuneup,automotive,2026-08-29T14:12:36.347611+09:00,RUN-20260829-141158-KST,
domain,Calibration,automotive,2026-08-29T14:12:36.347611+09:00,RUN-20260829-141158-KST,
domain,Diagnosis,automotive,2026-08-29T14:12:36.347611+09:00,RUN-20260829-141158-KST,
domain,Checkup,automotive,2026-08-29T14:12:36.347611+09:00,RUN-20260829-141158-KST,
domain,Screening,automotive,2026-08-29T14:12:36.347611+09:00,RUN-20260829-141158-KST,
domain,Tire,automotive,2026-08-29T14:12:36.347611+09:00,RUN-20260829-141158-KST,
domain,Brake,automotive,2026-08-29T14:12:36.347611+09:00,RUN-20260829-141158-KST,
domain,Battery,automotive,2026-08-29T14:12:36.347611+09:00,RUN-20260829-141158-KST,
domain,Oil,automotive,2026-08-29T14:12:36.347611+09:00,RUN-20260829-141158-KST,
domain,Wiper,automotive,2026-08-29T14:12:36.347611+09:00,RUN-20260829-141158-KST,
domain,Headlight,automotive,2026-08-29T14:12:36.347611+09:00,RUN-20260829-141158-KST,
domain,Windshield,automotive,2026-08-29T14:12:36.347611+09:00,RUN-20260829-141158-KST,
domain,Bumper,automotive,2026-08-29T14:12:36.347611+09:00,RUN-20260829-141158-KST,
domain,Exhaust,automotive,2026-08-29T14:12:36.347611+09:00,RUN-20260829-141158-KST,
domain,Transmission,automotive,2026-08-29T14:12:36.347611+09:00,RUN-20260829-141158-KST,
domain,Radiator,automotive,2026-08-29T14:12:36.347611+09:00,RUN-20260829-141158-KST,
domain,Toothache,dental,2026-08-29T14:29:18.082924+09:00,RUN-20260829-142847-KST,
domain,Cavity,dental,2026-08-29T14:29:18.082924+09:00,RUN-20260829-142847-KST,
domain,Filling,dental,2026-08-29T14:29:18.082924+09:00,RUN-20260829-142847-KST,
domain,Crown,dental,2026-08-29T14:29:18.082924+09:00,RUN-20260829-142847-KST,
domain,Braces,dental,2026-08-29T14:29:18.082924+09:00,RUN-20260829-142847-KST,
domain,Whitening,dental,2026-08-29T14:29:18.082924+09:00,RUN-20260829-142847-KST,
domain,Flossing,dental,2026-08-29T14:29:18.082924+09:00,RUN-20260829-142847-KST,
domain,Gum,dental,2026-08-29T14:29:18.082924+09:00,RUN-20260829-142847-KST,
domain,Molar,dental,2026-08-29T14:29:18.082924+09:00,RUN-20260829-142847-KST,
domain,Enamel,dental,2026-08-29T14:29:18.082924+09:00,RUN-20260829-142847-KST,
domain,Extraction,dental,2026-08-29T14:29:18.082924+09:00,RUN-20260829-142847-KST,
domain,Retainer,dental,2026-08-29T14:29:18.082924+09:00,RUN-20260829-142847-KST,
domain,Veneer,dental,2026-08-29T14:29:18.082924+09:00,RUN-20260829-142847-KST,
domain,Plaque,dental,2026-08-29T14:29:18.082924+09:00,RUN-20260829-142847-KST,
domain,Cleaning,dental,2026-08-29T14:29:18.082924+09:00,RUN-20260829-142847-KST,
domain,Sedation,dental,2026-08-29T14:29:18.082924+09:00,RUN-20260829-142847-KST,
domain,Anesthesia,dental,2026-08-29T14:29:18.082924+09:00,RUN-20260829-142847-KST,
domain,Denture,dental,2026-08-29T14:29:18.082924+09:00,RUN-20260829-142847-KST,
domain,Implant,dental,2026-08-29T14:29:18.082924+09:00,RUN-20260829-142847-KST,
domain,Orthodontics,dental,2026-08-29T14:29:18.082924+09:00,RUN-20260829-142847-KST,
function,Account,,2026-08-29T14:45:43.082583+09:00,RUN-20260829-144513-KST,
function,Case,,2026-08-29T14:45:43.082583+09:00,RUN-20260829-144513-KST,
domain,Haircut,salon_spa,2026-08-29T14:45:43.082583+09:00,RUN-20260829-144513-KST,
domain,Manicure,salon_spa,2026-08-29T14:45:43.082583+09:00,RUN-20260829-144513-KST,
domain,Pedicure,salon_spa,2026-08-29T14:45:43.082583+09:00,RUN-20260829-144513-KST,
domain,Massage,salon_spa,2026-08-29T14:45:43.082583+09:00,RUN-20260829-144513-KST,
domain,Facial,salon_spa,2026-08-29T14:45:43.082583+09:00,RUN-20260829-144513-KST,
domain,Waxing,salon_spa,2026-08-29T14:45:43.082583+09:00,RUN-20260829-144513-KST,
domain,Coloring,salon_spa,2026-08-29T14:45:43.082583+09:00,RUN-20260829-144513-KST,
domain,Blowout,salon_spa,2026-08-29T14:45:43.082583+09:00,RUN-20260829-144513-KST,
domain,Product,salon_spa,2026-08-29T14:45:43.082583+09:00,RUN-20260829-144513-KST,
domain,Treatment,salon_spa,2026-08-29T14:45:43.082583+09:00,RUN-20260829-144513-KST,
domain,Consultation,salon_spa,2026-08-29T14:45:43.082583+09:00,RUN-20260829-144513-KST,
domain,Tip,salon_spa,2026-08-29T14:45:43.082583+09:00,RUN-20260829-144513-KST,
domain,Chair,salon_spa,2026-08-29T14:45:43.082583+09:00,RUN-20260829-144513-KST,
domain,Mirror,salon_spa,2026-08-29T14:45:43.082583+09:00,RUN-20260829-144513-KST,
domain,Shampoo,salon_spa,2026-08-29T14:45:43.082583+09:00,RUN-20260829-144513-KST,
domain,Conditioner,salon_spa,2026-08-29T14:45:43.082583+09:00,RUN-20260829-144513-KST,
domain,Polish,salon_spa,2026-08-29T14:45:43.082583+09:00,RUN-20260829-144513-KST,
domain,Trim,salon_spa,2026-08-29T14:45:43.082583+09:00,RUN-20260829-144513-KST,
domain,Style,salon_spa,2026-08-29T14:45:43.082583+09:00,RUN-20260829-144513-KST,
domain,Spa,salon_spa,2026-08-29T14:45:43.082583+09:00,RUN-20260829-144513-KST,
domain,Toddler,childcare,2026-08-29T15:17:03.606899+09:00,RUN-20260829-151636-KST,
domain,Infant,childcare,2026-08-29T15:17:03.606899+09:00,RUN-20260829-151636-KST,
domain,Preschool,childcare,2026-08-29T15:17:03.606899+09:00,RUN-20260829-151636-KST,
domain,Playground,childcare,2026-08-29T15:17:03.606899+09:00,RUN-20260829-151636-KST,
domain,Snack,childcare,2026-08-29T15:17:03.606899+09:00,RUN-20260829-151636-KST,
domain,Diaper,childcare,2026-08-29T15:17:03.606899+09:00,RUN-20260829-151636-KST,
domain,Storytime,childcare,2026-08-29T15:17:03.606899+09:00,RUN-20260829-151636-KST,
domain,Craft,childcare,2026-08-29T15:17:03.606899+09:00,RUN-20260829-151636-KST,
domain,Toy,childcare,2026-08-29T15:17:03.606899+09:00,RUN-20260829-151636-KST,
domain,Outdoor,childcare,2026-08-29T15:17:03.606899+09:00,RUN-20260829-151636-KST,
domain,Daycare,childcare,2026-08-29T15:17:03.606899+09:00,RUN-20260829-151636-KST,
domain,Babysitter,childcare,2026-08-29T15:17:03.606899+09:00,RUN-20260829-151636-KST,
domain,Sibling,childcare,2026-08-29T15:17:03.606899+09:00,RUN-20260829-151636-KST,
domain,Allergy,childcare,2026-08-29T15:17:03.606899+09:00,RUN-20260829-151636-KST,
domain,Nap,childcare,2026-08-29T15:17:03.606899+09:00,RUN-20260829-151636-KST,
domain,Playtime,childcare,2026-08-29T15:17:03.606899+09:00,RUN-20260829-151636-KST,
domain,Fieldtrip,childcare,2026-08-29T15:17:03.606899+09:00,RUN-20260829-151636-KST,
domain,Potty,childcare,2026-08-29T15:17:03.606899+09:00,RUN-20260829-151636-KST,
domain,Lullaby,childcare,2026-08-29T15:17:03.606899+09:00,RUN-20260829-151636-KST,
domain,Stroller,childcare,2026-08-29T15:17:03.606899+09:00,RUN-20260829-151636-KST,
function,Match,,2026-08-29T15:35:42.901363+09:00,RUN-20260829-153514-KST,
domain,Resume,recruiting,2026-08-29T15:35:42.901363+09:00,RUN-20260829-153514-KST,
domain,Applicant,recruiting,2026-08-29T15:35:42.901363+09:00,RUN-20260829-153514-KST,
domain,Hire,recruiting,2026-08-29T15:35:42.901363+09:00,RUN-20260829-153514-KST,
domain,Background,recruiting,2026-08-29T15:35:42.901363+09:00,RUN-20260829-153514-KST,
domain,Skillset,recruiting,2026-08-29T15:35:42.901363+09:00,RUN-20260829-153514-KST,
domain,Cover,recruiting,2026-08-29T15:35:42.901363+09:00,RUN-20260829-153514-KST,
domain,Interviewer,recruiting,2026-08-29T15:35:42.901363+09:00,RUN-20260829-153514-KST,
domain,Recruiter,recruiting,2026-08-29T15:35:42.901363+09:00,RUN-20260829-153514-KST,
domain,Headhunter,recruiting,2026-08-29T15:35:42.901363+09:00,RUN-20260829-153514-KST,
domain,Vacancy,recruiting,2026-08-29T15:35:42.901363+09:00,RUN-20260829-153514-KST,
domain,Job,recruiting,2026-08-29T15:35:42.901363+09:00,RUN-20260829-153514-KST,
domain,Career,recruiting,2026-08-29T15:35:42.901363+09:00,RUN-20260829-153514-KST,
domain,Talent,recruiting,2026-08-29T15:35:42.901363+09:00,RUN-20260829-153514-KST,
domain,Diversity,recruiting,2026-08-29T15:35:42.901363+09:00,RUN-20260829-153514-KST,
domain,Portfolio,recruiting,2026-08-29T15:35:42.901363+09:00,RUN-20260829-153514-KST,
domain,Salary,recruiting,2026-08-29T15:35:42.901363+09:00,RUN-20260829-153514-KST,
domain,Benefits,recruiting,2026-08-29T15:35:42.901363+09:00,RUN-20260829-153514-KST,
domain,Networking,recruiting,2026-08-29T15:35:42.901363+09:00,RUN-20260829-153514-KST,
domain,Internship,recruiting,2026-08-29T15:35:42.901363+09:00,RUN-20260829-153514-KST,
domain,Aptitude,recruiting,2026-08-29T15:35:42.901363+09:00,RUN-20260829-153514-KST,
domain,Speaker,events,2026-08-29T16:02:02.145165+09:00,RUN-20260829-160119-KST,
domain,Keynote,events,2026-08-29T16:02:02.145165+09:00,RUN-20260829-160119-KST,
domain,Expo,events,2026-08-29T16:02:02.145165+09:00,RUN-20260829-160119-KST,
domain,Conference,events,2026-08-29T16:02:02.145165+09:00,RUN-20260829-160119-KST,
domain,Livestream,events,2026-08-29T16:02:02.145165+09:00,RUN-20260829-160119-KST,
domain,Recording,events,2026-08-29T16:02:02.145165+09:00,RUN-20260829-160119-KST,
domain,Wifi,events,2026-08-29T16:02:02.145165+09:00,RUN-20260829-160119-KST,
domain,Lanyard,events,2026-08-29T16:02:02.145165+09:00,RUN-20260829-160119-KST,
domain,Swag,events,2026-08-29T16:02:02.145165+09:00,RUN-20260829-160119-KST,
domain,Afterparty,events,2026-08-29T16:02:02.145165+09:00,RUN-20260829-160119-KST,
domain,Seating,events,2026-08-29T16:02:02.145165+09:00,RUN-20260829-160119-KST,
domain,Parking,events,2026-08-29T16:02:02.145165+09:00,RUN-20260829-160119-KST,
domain,Volunteer,events,2026-08-29T16:02:02.145165+09:00,RUN-20260829-160119-KST,
domain,Signage,events,2026-08-29T16:02:02.145165+09:00,RUN-20260829-160119-KST,
domain,Checkin,events,2026-08-29T16:02:02.145165+09:00,RUN-20260829-160119-KST,
domain,Background,events,2026-08-29T16:02:02.145165+09:00,RUN-20260829-160119-KST,
domain,Complaint,events,2026-08-29T16:02:02.145165+09:00,RUN-20260829-160119-KST,
domain,Notice,events,2026-08-29T16:02:02.145165+09:00,RUN-20260829-160119-KST,
domain,Attendance,events,2026-08-29T16:02:02.145165+09:00,RUN-20260829-160119-KST,
domain,Networking,events,2026-08-29T16:02:02.145165+09:00,RUN-20260829-160119-KST,
domain,Vote,government,2026-08-29T16:17:38.159945+09:00,RUN-20260829-161704-KST,
domain,Election,government,2026-08-29T16:17:38.159945+09:00,RUN-20260829-161704-KST,
domain,Mayor,government,2026-08-29T16:17:38.159945+09:00,RUN-20260829-161704-KST,
domain,Council,government,2026-08-29T16:17:38.159945+09:00,RUN-20260829-161704-KST,
domain,Complaint,government,2026-08-29T16:17:38.159945+09:00,RUN-20260829-161704-KST,
domain,Notice,government,2026-08-29T16:17:38.159945+09:00,RUN-20260829-161704-KST,
domain,Resident,government,2026-08-29T16:17:38.159945+09:00,RUN-20260829-161704-KST,
domain,Budget,government,2026-08-29T16:17:38.159945+09:00,RUN-20260829-161704-KST,
domain,Meeting,government,2026-08-29T16:17:38.159945+09:00,RUN-20260829-161704-KST,
domain,Agenda,government,2026-08-29T16:17:38.159945+09:00,RUN-20260829-161704-KST,
domain,Public,government,2026-08-29T16:17:38.159945+09:00,RUN-20260829-161704-KST,
domain,Utility,government,2026-08-29T16:17:38.159945+09:00,RUN-20260829-161704-KST,
domain,Waste,government,2026-08-29T16:17:38.159945+09:00,RUN-20260829-161704-KST,
domain,Recycling,government,2026-08-29T16:17:38.159945+09:00,RUN-20260829-161704-KST,
domain,Sidewalk,government,2026-08-29T16:17:38.159945+09:00,RUN-20260829-161704-KST,
domain,Streetlight,government,2026-08-29T16:17:38.159945+09:00,RUN-20260829-161704-KST,
domain,Pothole,government,2026-08-29T16:17:38.159945+09:00,RUN-20260829-161704-KST,
domain,Curfew,government,2026-08-29T16:17:38.159945+09:00,RUN-20260829-161704-KST,
domain,Referendum,government,2026-08-29T16:17:38.159945+09:00,RUN-20260829-161704-KST,
domain,Ward,government,2026-08-29T16:17:38.159945+09:00,RUN-20260829-161704-KST,
domain,Reader,media_publishing,2026-08-29T16:31:32.269637+09:00,RUN-20260829-163103-KST,
domain,Writer,media_publishing,2026-08-29T16:31:32.269637+09:00,RUN-20260829-163103-KST,
domain,Article,media_publishing,2026-08-29T16:31:32.269637+09:00,RUN-20260829-163103-KST,
domain,Blog,media_publishing,2026-08-29T16:31:32.269637+09:00,RUN-20260829-163103-KST,
domain,Podcast,media_publishing,2026-08-29T16:31:32.269637+09:00,RUN-20260829-163103-KST,
domain,Video,media_publishing,2026-08-29T16:31:32.269637+09:00,RUN-20260829-163103-KST,
domain,Photo,media_publishing,2026-08-29T16:31:32.269637+09:00,RUN-20260829-163103-KST,
domain,Caption,media_publishing,2026-08-29T16:31:32.269637+09:00,RUN-20260829-163103-KST,
domain,Headline,media_publishing,2026-08-29T16:31:32.269637+09:00,RUN-20260829-163103-KST,
domain,Byline,media_publishing,2026-08-29T16:31:32.269637+09:00,RUN-20260829-163103-KST,
domain,Column,media_publishing,2026-08-29T16:31:32.269637+09:00,RUN-20260829-163103-KST,
domain,Print,media_publishing,2026-08-29T16:31:32.269637+09:00,RUN-20260829-163103-KST,
domain,Digital,media_publishing,2026-08-29T16:31:32.269637+09:00,RUN-20260829-163103-KST,
domain,Ad,media_publishing,2026-08-29T16:31:32.269637+09:00,RUN-20260829-163103-KST,
domain,Editor,media_publishing,2026-08-29T16:31:32.269637+09:00,RUN-20260829-163103-KST,
domain,Publisher,media_publishing,2026-08-29T16:31:32.269637+09:00,RUN-20260829-163103-KST,
domain,Newsletter,media_publishing,2026-08-29T16:31:32.269637+09:00,RUN-20260829-163103-KST,
domain,Author,media_publishing,2026-08-29T16:31:32.269637+09:00,RUN-20260829-163103-KST,
domain,Story,media_publishing,2026-08-29T16:31:32.269637+09:00,RUN-20260829-163103-KST,
domain,Feature,media_publishing,2026-08-29T16:31:32.269637+09:00,RUN-20260829-163103-KST,
domain,Wash,car_wash_detailing_services,2026-08-29T17:01:26.200790+09:00,QA-20260829-165706-KST,
domain,Detailing,car_wash_detailing_services,2026-08-29T17:01:26.200790+09:00,QA-20260829-165706-KST,
domain,Wax,car_wash_detailing_services,2026-08-29T17:01:26.200790+09:00,QA-20260829-165706-KST,
domain,Buff,car_wash_detailing_services,2026-08-29T17:01:26.200790+09:00,QA-20260829-165706-KST,
domain,Upholstery,car_wash_detailing_services,2026-08-29T17:01:26.200790+09:00,QA-20260829-165706-KST,
domain,Coating,car_wash_detailing_services,2026-08-29T17:01:26.200790+09:00,QA-20260829-165706-KST,
domain,Ceramic,car_wash_detailing_services,2026-08-29T17:01:26.200790+09:00,QA-20260829-165706-KST,
domain,Chip,car_wash_detailing_services,2026-08-29T17:01:26.200790+09:00,QA-20260829-165706-KST,
domain,Dent,car_wash_detailing_services,2026-08-29T17:01:26.200790+09:00,QA-20260829-165706-KST,
domain,Scratch,car_wash_detailing_services,2026-08-29T17:01:26.200790+09:00,QA-20260829-165706-KST,
domain,Rinse,car_wash_detailing_services,2026-08-29T17:01:26.200790+09:00,QA-20260829-165706-KST,
domain,Foam,car_wash_detailing_services,2026-08-29T17:01:26.200790+09:00,QA-20260829-165706-KST,
domain,Interior,car_wash_detailing_services,2026-08-29T17:01:26.200790+09:00,QA-20260829-165706-KST,
domain,Exterior,car_wash_detailing_services,2026-08-29T17:01:26.200790+09:00,QA-20260829-165706-KST,
domain,Odor,car_wash_detailing_services,2026-08-29T17:01:26.200790+09:00,QA-20260829-165706-KST,
domain,Shine,car_wash_detailing_services,2026-08-29T17:01:26.200790+09:00,QA-20260829-165706-KST,
domain,Wheel,car_wash_detailing_services,2026-08-29T17:01:26.200790+09:00,QA-20260829-165706-KST,
domain,Undercarriage,car_wash_detailing_services,2026-08-29T17:01:26.200790+09:00,QA-20260829-165706-KST,
domain,Bucket,car_wash_detailing_services,2026-08-29T17:01:26.200790+09:00,QA-20260829-165706-KST,
domain,Sponge,car_wash_detailing_services,2026-08-29T17:01:26.200790+09:00,QA-20260829-165706-KST,
domain,Microfiber,car_wash_detailing_services,2026-08-29T17:01:26.200790+09:00,QA-20260829-165706-KST,
domain,Spot,car_wash_detailing_services,2026-08-29T17:01:26.200790+09:00,QA-20260829-165706-KST,
function,Readout,,2026-08-29T17:01:26.200790+09:00,QA-20260829-165706-KST,
function,Validation,,2026-08-29T17:01:26.200790+09:00,QA-20260829-165706-KST,
function,Verdict,,2026-08-29T17:01:26.200790+09:00,QA-20260829-165706-KST,
function,Lookup,,2026-08-29T17:01:26.200790+09:00,QA-20260829-165706-KST,
function,Ping,,2026-08-29T17:01:26.200790+09:00,QA-20260829-165706-KST,
function,Roundup,,2026-08-29T17:01:26.200790+09:00,QA-20260829-165706-KST,
function,Model,,2026-08-29T17:01:26.200790+09:00,QA-20260829-165706-KST,
function,Lot,,2026-08-29T17:01:26.200790+09:00,QA-20260829-165706-KST,
function,Availability,,2026-08-29T17:01:26.200790+09:00,QA-20260829-165706-KST,
function,Eligibility,,2026-08-29T17:01:26.200790+09:00,QA-20260829-165706-KST,
domain,Highlight,photography_services,2026-08-31T00:43:39.246945+09:00,RUN-20260831-003853-KST,
domain,Slideshow,photography_services,2026-08-31T00:43:39.246945+09:00,RUN-20260831-003853-KST,
domain,Export,photography_services,2026-08-31T00:43:39.246945+09:00,RUN-20260831-003853-KST,
domain,Testimonial,photography_services,2026-08-31T00:43:39.246945+09:00,RUN-20260831-003853-KST,
domain,Playlist,wedding_planning_services,2026-08-31T00:43:39.246945+09:00,RUN-20260831-003853-KST,
domain,Valve,pool_maintenance_services,2026-08-31T00:43:39.246945+09:00,RUN-20260831-003853-KST,
domain,Backyard,pool_maintenance_services,2026-08-31T00:43:39.246945+09:00,RUN-20260831-003853-KST,
function,Broadcast,,2026-08-31T00:43:39.246945+09:00,RUN-20260831-003853-KST,
function,Barcode,,2026-08-31T00:43:39.246945+09:00,RUN-20260831-003853-KST,
function,Waitlist,,2026-08-31T00:43:39.246945+09:00,RUN-20260831-003853-KST,
function,Appointment,,2026-08-31T00:43:39.246945+09:00,RUN-20260831-003853-KST,
function,Feedback,,2026-08-31T00:43:39.246945+09:00,RUN-20260831-003853-KST,
function,Invoice,,2026-08-31T00:43:39.246945+09:00,RUN-20260831-003853-KST,
domain,Motor,pool_maintenance_services,2026-08-31T02:23:18.044523+09:00,RUN-20260831-022212-KST,
domain,Gasket,pool_maintenance_services,2026-08-31T02:23:18.044523+09:00,RUN-20260831-022212-KST,
domain,Hose,pool_maintenance_services,2026-08-31T02:23:18.044523+09:00,RUN-20260831-022212-KST,
domain,Thumbnail,photography_services,2026-08-31T02:23:18.044523+09:00,RUN-20260831-022212-KST,
function,Renewal,,2026-08-31T02:23:18.044523+09:00,RUN-20260831-022212-KST,
function,Quote,,2026-08-31T02:23:18.044523+09:00,RUN-20260831-022212-KST,
function,Referral,,2026-08-31T02:23:18.044523+09:00,RUN-20260831-022212-KST,
function,Warranty,,2026-08-31T02:23:18.044523+09:00,RUN-20260831-022212-KST,
function,Deposit,,2026-08-31T02:23:18.044523+09:00,RUN-20260831-022212-KST,
function,Certification,,2026-08-31T02:23:18.044523+09:00,RUN-20260831-022212-KST,
domain,Chef,food_service,2026-08-31T03:01:41.507837+09:00,RUN-20260831-030014-KST,
domain,Kitchen,food_service,2026-08-31T03:01:41.507837+09:00,RUN-20260831-030014-KST,
domain,Freezer,food_service,2026-08-31T03:01:41.507837+09:00,RUN-20260831-030014-KST,
domain,Cooler,food_service,2026-08-31T03:01:41.507837+09:00,RUN-20260831-030014-KST,
domain,Server,food_service,2026-08-31T03:01:41.507837+09:00,RUN-20260831-030014-KST,
domain,Dine,food_service,2026-08-31T03:01:41.507837+09:00,RUN-20260831-030014-KST,
domain,Nanny,childcare,2026-08-31T03:01:41.507837+09:00,RUN-20260831-030014-KST,
domain,Formula,childcare,2026-08-31T03:01:41.507837+09:00,RUN-20260831-030014-KST,
domain,Chore,childcare,2026-08-31T03:01:41.507837+09:00,RUN-20260831-030014-KST,
function,Subscription,,2026-08-31T03:01:41.507837+09:00,RUN-20260831-030014-KST,
function,Prognosis,,2026-08-31T03:01:41.507837+09:00,RUN-20260831-030014-KST,
function,Nomination,,2026-08-31T03:01:41.507837+09:00,RUN-20260831-030014-KST,
function,Correction,,2026-08-31T03:01:41.507837+09:00,RUN-20260831-030014-KST,
function,Objection,,2026-08-31T03:01:41.507837+09:00,RUN-20260831-030014-KST,
function,Publication,,2026-08-31T03:01:41.507837+09:00,RUN-20260831-030014-KST,
domain,Walker,senior_care,2026-08-31T03:44:38.897527+09:00,RUN-20260831-034401-KST,
domain,Wheelchair,senior_care,2026-08-31T03:44:38.897527+09:00,RUN-20260831-034401-KST,
domain,Cane,senior_care,2026-08-31T03:44:38.897527+09:00,RUN-20260831-034401-KST,
domain,Mobility,senior_care,2026-08-31T03:44:38.897527+09:00,RUN-20260831-034401-KST,
domain,Waiter,food_service,2026-08-31T03:44:38.897527+09:00,RUN-20260831-034401-KST,
function,Revision,,2026-08-31T03:44:38.897527+09:00,RUN-20260831-034401-KST,
function,Refill,,2026-08-31T03:44:38.897527+09:00,RUN-20260831-034401-KST,
function,Payment,,2026-08-31T03:44:38.897527+09:00,RUN-20260831-034401-KST,
function,Inspection,,2026-08-31T03:44:38.897527+09:00,RUN-20260831-034401-KST,
function,Verification,,2026-08-31T03:44:38.897527+09:00,RUN-20260831-034401-KST,
function,Diagnosis,,2026-08-31T03:44:38.897527+09:00,RUN-20260831-034401-KST,
domain,Faucet,plumbing_services,2026-08-31T23:39:13.775697+09:00,QA-20260831-233534-KST,everyday_household_noun
domain,Pipe,plumbing_services,2026-08-31T23:39:13.775697+09:00,QA-20260831-233534-KST,everyday_household_noun
domain,Drain,plumbing_services,2026-08-31T23:39:13.775697+09:00,QA-20260831-233534-KST,everyday_household_noun
domain,Leak,plumbing_services,2026-08-31T23:39:13.775697+09:00,QA-20260831-233534-KST,everyday_household_noun
domain,Sink,plumbing_services,2026-08-31T23:39:13.775697+09:00,QA-20260831-233534-KST,everyday_household_noun
domain,Toilet,plumbing_services,2026-08-31T23:39:13.775697+09:00,QA-20260831-233534-KST,everyday_household_noun
domain,Clog,plumbing_services,2026-08-31T23:39:13.775697+09:00,QA-20260831-233534-KST,everyday_household_noun
domain,Sewer,plumbing_services,2026-08-31T23:39:13.775697+09:00,QA-20260831-233534-KST,everyday_household_noun
domain,Overflow,plumbing_services,2026-08-31T23:39:13.775697+09:00,QA-20260831-233534-KST,everyday_household_noun
domain,Wrench,plumbing_services,2026-08-31T23:39:13.775697+09:00,QA-20260831-233534-KST,everyday_household_noun
domain,Plunger,plumbing_services,2026-08-31T23:39:13.775697+09:00,QA-20260831-233534-KST,everyday_household_noun
domain,Washer,plumbing_services,2026-08-31T23:39:13.775697+09:00,QA-20260831-233534-KST,everyday_household_noun
domain,Fixture,plumbing_services,2026-08-31T23:39:13.775697+09:00,QA-20260831-233534-KST,everyday_household_noun
domain,Snake,plumbing_services,2026-08-31T23:39:13.775697+09:00,QA-20260831-233534-KST,everyday_household_noun
domain,Spigot,plumbing_services,2026-08-31T23:39:13.775697+09:00,QA-20260831-233534-KST,trade_insider_term
domain,Nozzle,plumbing_services,2026-08-31T23:39:13.775697+09:00,QA-20260831-233534-KST,trade_insider_term
domain,Cistern,plumbing_services,2026-08-31T23:39:13.775697+09:00,QA-20260831-233534-KST,trade_insider_term
domain,Drainpipe,plumbing_services,2026-08-31T23:39:13.775697+09:00,QA-20260831-233534-KST,trade_insider_term
domain,Softener,plumbing_services,2026-08-31T23:39:13.775697+09:00,QA-20260831-233534-KST,trade_insider_term
domain,Trap,plumbing_services,2026-08-31T23:39:13.775697+09:00,QA-20260831-233534-KST,trade_insider_term
domain,Backflow,plumbing_services,2026-08-31T23:39:13.775697+09:00,QA-20260831-233534-KST,trade_insider_term
domain,Coupling,plumbing_services,2026-08-31T23:39:13.775697+09:00,QA-20260831-233534-KST,trade_insider_term
domain,Grout,plumbing_services,2026-08-31T23:39:13.775697+09:00,QA-20260831-233534-KST,trade_insider_term
domain,Fitting,plumbing_services,2026-08-31T23:39:13.775697+09:00,QA-20260831-233534-KST,trade_insider_term
domain,Elbow,plumbing_services,2026-08-31T23:39:13.775697+09:00,QA-20260831-233534-KST,trade_insider_term
function,Mockup,,2026-08-31T23:39:13.775697+09:00,QA-20260831-233534-KST,visual_structure_document
function,Flowchart,,2026-08-31T23:39:13.775697+09:00,QA-20260831-233534-KST,visual_structure_document
function,Simulator,,2026-08-31T23:39:13.775697+09:00,QA-20260831-233534-KST,computation_tool
function,Predictor,,2026-08-31T23:39:13.775697+09:00,QA-20260831-233534-KST,computation_tool
function,Seal,,2026-08-31T23:39:13.775697+09:00,QA-20260831-233534-KST,concrete_identifiable_record
domain,Hotel,travel_tourism,2026-09-05T19:58:53.828933+09:00,RUN-20260905-195649-KST,everyday_travel_leisure_noun
domain,Resort,travel_tourism,2026-09-05T19:58:53.828933+09:00,RUN-20260905-195649-KST,everyday_travel_leisure_noun
domain,Cruise,travel_tourism,2026-09-05T19:58:53.828933+09:00,RUN-20260905-195649-KST,everyday_travel_leisure_noun
domain,Tour,travel_tourism,2026-09-05T19:58:53.828933+09:00,RUN-20260905-195649-KST,everyday_travel_leisure_noun
domain,Trip,travel_tourism,2026-09-05T19:58:53.828933+09:00,RUN-20260905-195649-KST,everyday_travel_leisure_noun
domain,Vacation,travel_tourism,2026-09-05T19:58:53.828933+09:00,RUN-20260905-195649-KST,everyday_travel_leisure_noun
domain,Luggage,travel_tourism,2026-09-05T19:58:53.828933+09:00,RUN-20260905-195649-KST,everyday_travel_leisure_noun
domain,Getaway,travel_tourism,2026-09-05T19:58:53.828933+09:00,RUN-20260905-195649-KST,everyday_travel_leisure_noun
domain,Landmark,travel_tourism,2026-09-05T19:58:53.828933+09:00,RUN-20260905-195649-KST,everyday_travel_leisure_noun
domain,Attraction,travel_tourism,2026-09-05T19:58:53.828933+09:00,RUN-20260905-195649-KST,everyday_travel_leisure_noun
domain,Sightseeing,travel_tourism,2026-09-05T19:58:53.828933+09:00,RUN-20260905-195649-KST,everyday_travel_leisure_noun
domain,Hostel,travel_tourism,2026-09-05T19:58:53.828933+09:00,RUN-20260905-195649-KST,everyday_travel_leisure_noun
domain,Excursion,travel_tourism,2026-09-05T19:58:53.828933+09:00,RUN-20260905-195649-KST,everyday_travel_leisure_noun
domain,Beach,travel_tourism,2026-09-05T19:58:53.828933+09:00,RUN-20260905-195649-KST,everyday_travel_leisure_noun
domain,Cabin,travel_tourism,2026-09-05T19:58:53.828933+09:00,RUN-20260905-195649-KST,everyday_travel_leisure_noun
domain,Campsite,travel_tourism,2026-09-05T19:58:53.828933+09:00,RUN-20260905-195649-KST,everyday_travel_leisure_noun
domain,Souvenir,travel_tourism,2026-09-05T19:58:53.828933+09:00,RUN-20260905-195649-KST,everyday_travel_leisure_noun
domain,Tourist,travel_tourism,2026-09-05T19:58:53.828933+09:00,RUN-20260905-195649-KST,everyday_travel_leisure_noun
domain,Traveler,travel_tourism,2026-09-05T19:58:53.828933+09:00,RUN-20260905-195649-KST,everyday_travel_leisure_noun
domain,Roadtrip,travel_tourism,2026-09-05T19:58:53.828933+09:00,RUN-20260905-195649-KST,everyday_travel_leisure_noun
function,Review,,2026-09-05T19:58:53.828933+09:00,RUN-20260905-195649-KST,searchable_content_format_noun
function,Recipe,,2026-09-05T19:58:53.828933+09:00,RUN-20260905-195649-KST,searchable_content_format_noun
function,Video,,2026-09-05T19:58:53.828933+09:00,RUN-20260905-195649-KST,searchable_content_format_noun
function,Diary,,2026-09-05T19:58:53.828933+09:00,RUN-20260905-195649-KST,searchable_content_format_noun
function,Refund,,2026-09-05T19:58:53.828933+09:00,RUN-20260905-195649-KST,everyday_money_transaction_noun
function,Expense,,2026-09-05T19:58:53.828933+09:00,RUN-20260905-195649-KST,everyday_money_transaction_noun
function,Newsletter,,2026-09-05T19:58:53.828933+09:00,RUN-20260905-195649-KST,outbound_communication_noun
function,Inventory,,2026-09-05T19:58:53.828933+09:00,RUN-20260905-195649-KST,operational_asset_noun
function,Claim,,2026-09-05T19:58:53.828933+09:00,RUN-20260905-195649-KST,claim_request_noun
function,Onboarding,,2026-09-05T19:58:53.828933+09:00,RUN-20260905-195649-KST,process_stage_noun
function,Checkin,,2026-09-05T19:58:53.828933+09:00,RUN-20260905-195649-KST,arrival_processing_noun
domain,Workout,healthcare,2026-09-06T02:31:18.747408+09:00,RUN-20260906-022120-KST,everyday_wellness_noun
domain,Stretch,healthcare,2026-09-06T02:31:18.747408+09:00,RUN-20260906-022120-KST,everyday_wellness_noun
domain,Hydration,healthcare,2026-09-06T02:31:18.747408+09:00,RUN-20260906-022120-KST,everyday_wellness_noun
domain,Posture,healthcare,2026-09-06T02:31:18.747408+09:00,RUN-20260906-022120-KST,everyday_wellness_noun
domain,Breathing,healthcare,2026-09-06T02:31:18.747408+09:00,RUN-20260906-022120-KST,everyday_wellness_noun
domain,Meditation,healthcare,2026-09-06T02:31:18.747408+09:00,RUN-20260906-022120-KST,everyday_wellness_noun
domain,Sleep,healthcare,2026-09-06T02:31:18.747408+09:00,RUN-20260906-022120-KST,everyday_wellness_noun
domain,Jogging,healthcare,2026-09-06T02:31:18.747408+09:00,RUN-20260906-022120-KST,everyday_wellness_noun
domain,Immunity,healthcare,2026-09-06T02:31:18.747408+09:00,RUN-20260906-022120-KST,everyday_wellness_noun
domain,Energy,healthcare,2026-09-06T02:31:18.747408+09:00,RUN-20260906-022120-KST,everyday_wellness_noun
domain,Suture,healthcare,2026-09-06T02:31:18.747408+09:00,RUN-20260906-022120-KST,trade_insider_term
domain,Catheter,healthcare,2026-09-06T02:31:18.747408+09:00,RUN-20260906-022120-KST,trade_insider_term
domain,Cannula,healthcare,2026-09-06T02:31:18.747408+09:00,RUN-20260906-022120-KST,trade_insider_term
domain,Comorbidity,healthcare,2026-09-06T02:31:18.747408+09:00,RUN-20260906-022120-KST,trade_insider_term
domain,Auscultation,healthcare,2026-09-06T02:31:18.747408+09:00,RUN-20260906-022120-KST,trade_insider_term
domain,Intubation,healthcare,2026-09-06T02:31:18.747408+09:00,RUN-20260906-022120-KST,trade_insider_term
domain,Otoscope,healthcare,2026-09-06T02:31:18.747408+09:00,RUN-20260906-022120-KST,trade_insider_term
domain,Speculum,healthcare,2026-09-06T02:31:18.747408+09:00,RUN-20260906-022120-KST,trade_insider_term
domain,Safari,travel_tourism,2026-09-06T02:31:18.747408+09:00,RUN-20260906-022120-KST,everyday_travel_leisure_noun
domain,Museum,travel_tourism,2026-09-06T02:31:18.747408+09:00,RUN-20260906-022120-KST,everyday_travel_leisure_noun
domain,Aquarium,travel_tourism,2026-09-06T02:31:18.747408+09:00,RUN-20260906-022120-KST,everyday_travel_leisure_noun
domain,Festival,travel_tourism,2026-09-06T02:31:18.747408+09:00,RUN-20260906-022120-KST,everyday_travel_leisure_noun
domain,Carnival,travel_tourism,2026-09-06T02:31:18.747408+09:00,RUN-20260906-022120-KST,everyday_travel_leisure_noun
domain,Picnic,travel_tourism,2026-09-06T02:31:18.747408+09:00,RUN-20260906-022120-KST,everyday_travel_leisure_noun
domain,Barbecue,travel_tourism,2026-09-06T02:31:18.747408+09:00,RUN-20260906-022120-KST,everyday_travel_leisure_noun
domain,Hiking,travel_tourism,2026-09-06T02:31:18.747408+09:00,RUN-20260906-022120-KST,everyday_travel_leisure_noun
domain,Surfing,travel_tourism,2026-09-06T02:31:18.747408+09:00,RUN-20260906-022120-KST,everyday_travel_leisure_noun
domain,Skiing,travel_tourism,2026-09-06T02:31:18.747408+09:00,RUN-20260906-022120-KST,everyday_travel_leisure_noun
domain,Casino,travel_tourism,2026-09-06T02:31:18.747408+09:00,RUN-20260906-022120-KST,everyday_travel_leisure_noun
domain,Vineyard,travel_tourism,2026-09-06T02:31:18.747408+09:00,RUN-20260906-022120-KST,everyday_travel_leisure_noun
domain,Furniture,cleaning_services,2026-09-06T02:31:18.747408+09:00,RUN-20260906-022120-KST,everyday_household_noun
domain,Kitchen,cleaning_services,2026-09-06T02:31:18.747408+09:00,RUN-20260906-022120-KST,everyday_household_noun
domain,Closet,cleaning_services,2026-09-06T02:31:18.747408+09:00,RUN-20260906-022120-KST,everyday_household_noun
domain,Mattress,cleaning_services,2026-09-06T02:31:18.747408+09:00,RUN-20260906-022120-KST,everyday_household_noun
domain,Curtain,cleaning_services,2026-09-06T02:31:18.747408+09:00,RUN-20260906-022120-KST,everyday_household_noun
domain,Wardrobe,cleaning_services,2026-09-06T02:31:18.747408+09:00,RUN-20260906-022120-KST,everyday_household_noun
domain,Sofa,cleaning_services,2026-09-06T02:31:18.747408+09:00,RUN-20260906-022120-KST,everyday_household_noun
domain,Dishwasher,cleaning_services,2026-09-06T02:31:18.747408+09:00,RUN-20260906-022120-KST,everyday_household_noun
function,Size,,2026-09-06T02:31:18.747408+09:00,RUN-20260906-022120-KST,dimension_measure_noun
function,Length,,2026-09-06T02:31:18.747408+09:00,RUN-20260906-022120-KST,dimension_measure_noun
function,Weight,,2026-09-06T02:31:18.747408+09:00,RUN-20260906-022120-KST,dimension_measure_noun
function,Distance,,2026-09-06T02:31:18.747408+09:00,RUN-20260906-022120-KST,dimension_measure_noun
function,Range,,2026-09-06T02:31:18.747408+09:00,RUN-20260906-022120-KST,range_band_noun
function,Limit,,2026-09-06T02:31:18.747408+09:00,RUN-20260906-022120-KST,range_band_noun
function,Type,,2026-09-06T02:31:18.747408+09:00,RUN-20260906-022120-KST,type_category_noun
function,Clock,,2026-09-06T02:31:18.747408+09:00,RUN-20260906-022120-KST,time_reference_noun
function,Time,,2026-09-06T02:31:18.747408+09:00,RUN-20260906-022120-KST,time_reference_noun
function,Speed,,2026-09-06T02:31:18.747408+09:00,RUN-20260906-022120-KST,performance_measure_noun
function,Depth,,2026-09-06T12:54:23.075074+09:00,RUN-20260906-124747-KST,dimension_measure_noun
function,Height,,2026-09-06T12:54:23.075074+09:00,RUN-20260906-124747-KST,dimension_measure_noun
function,Width,,2026-09-06T12:54:23.075074+09:00,RUN-20260906-124747-KST,dimension_measure_noun
function,Temperature,,2026-09-06T12:54:23.075074+09:00,RUN-20260906-124747-KST,dimension_measure_noun
function,Pressure,,2026-09-06T12:54:23.075074+09:00,RUN-20260906-124747-KST,dimension_measure_noun
function,Load,,2026-09-06T12:54:23.075074+09:00,RUN-20260906-124747-KST,capacity_rating_noun
function,Voltage,,2026-09-06T12:54:23.075074+09:00,RUN-20260906-124747-KST,device_rating_noun
function,Wattage,,2026-09-06T12:54:23.075074+09:00,RUN-20260906-124747-KST,device_rating_noun
function,Brightness,,2026-09-06T12:54:23.075074+09:00,RUN-20260906-124747-KST,device_rating_noun
function,Frequency,,2026-09-06T12:54:23.075074+09:00,RUN-20260906-124747-KST,dimension_measure_noun
function,Compatibility,,2026-09-06T12:54:23.075074+09:00,RUN-20260906-124747-KST,compatibility_support_noun
domain,Amortization,finance,2026-09-06T12:54:23.075074+09:00,RUN-20260906-124747-KST,trade_insider_term
domain,Paycheck,finance,2026-09-06T12:54:23.075074+09:00,RUN-20260906-124747-KST,everyday_money_transaction_noun
domain,Treadmill,fitness_wellness,2026-09-06T12:54:23.075074+09:00,RUN-20260906-124747-KST,everyday_wellness_noun
domain,Yoga,fitness_wellness,2026-09-06T12:54:23.075074+09:00,RUN-20260906-124747-KST,everyday_wellness_noun
domain,Dumbbell,fitness_wellness,2026-09-06T12:54:23.075074+09:00,RUN-20260906-124747-KST,everyday_wellness_noun
domain,Tractor,agriculture,2026-09-06T12:54:23.075074+09:00,RUN-20260906-124747-KST,operational_asset_noun
domain,Orchard,agriculture,2026-09-06T12:54:23.075074+09:00,RUN-20260906-124747-KST,everyday_household_noun
domain,Cremation,funeral_services,2026-09-06T12:54:23.075074+09:00,RUN-20260906-124747-KST,ceremony_memorial_noun
domain,Headstone,funeral_services,2026-09-06T12:54:23.075074+09:00,RUN-20260906-124747-KST,ceremony_memorial_noun
domain,Urn,funeral_services,2026-09-06T12:54:23.075074+09:00,RUN-20260906-124747-KST,ceremony_memorial_noun
domain,Marina,maritime_shipping,2026-09-06T12:54:23.075074+09:00,RUN-20260906-124747-KST,everyday_travel_leisure_noun
domain,Kayak,maritime_shipping,2026-09-06T12:54:23.075074+09:00,RUN-20260906-124747-KST,everyday_travel_leisure_noun
domain,Ferry,maritime_shipping,2026-09-06T12:54:23.075074+09:00,RUN-20260906-124747-KST,everyday_travel_leisure_noun
domain,Runway,aviation,2026-09-06T12:54:23.075074+09:00,RUN-20260906-124747-KST,everyday_travel_leisure_noun
domain,Hangar,aviation,2026-09-06T12:54:23.075074+09:00,RUN-20260906-124747-KST,operational_asset_noun
domain,Router,telecom,2026-09-06T12:54:23.075074+09:00,RUN-20260906-124747-KST,everyday_digital_life_noun
domain,Hotspot,telecom,2026-09-06T12:54:23.075074+09:00,RUN-20260906-124747-KST,everyday_digital_life_noun
domain,Smartphone,telecom,2026-09-06T12:54:23.075074+09:00,RUN-20260906-124747-KST,everyday_digital_life_noun
domain,Password,cybersecurity,2026-09-06T12:54:23.075074+09:00,RUN-20260906-124747-KST,everyday_digital_life_noun
domain,Phishing,cybersecurity,2026-09-06T12:54:23.075074+09:00,RUN-20260906-124747-KST,everyday_digital_life_noun
domain,Cloud,it_devops,2026-09-06T12:54:23.075074+09:00,RUN-20260906-124747-KST,everyday_digital_life_noun
domain,Database,it_devops,2026-09-06T12:54:23.075074+09:00,RUN-20260906-124747-KST,everyday_digital_life_noun
domain,Buffet,hospitality,2026-09-06T12:54:23.075074+09:00,RUN-20260906-124747-KST,everyday_travel_leisure_noun
domain,Donation,nonprofit,2026-09-06T12:54:23.075074+09:00,RUN-20260906-124747-KST,everyday_money_transaction_noun
domain,Drywall,construction,2026-09-06T12:54:23.075074+09:00,RUN-20260906-124747-KST,everyday_household_noun
domain,Cart,retail_ecommerce,2026-09-06T12:54:23.075074+09:00,RUN-20260906-124747-KST,everyday_household_noun
domain,Clearance,retail_ecommerce,2026-09-06T12:54:23.075074+09:00,RUN-20260906-124747-KST,everyday_money_transaction_noun
domain,Mosquito,pest_control,2026-09-06T12:54:23.075074+09:00,RUN-20260906-124747-KST,everyday_household_noun
domain,Rodent,pest_control,2026-09-06T12:54:23.075074+09:00,RUN-20260906-124747-KST,everyday_household_noun
domain,Mulch,landscaping,2026-09-06T12:54:23.075074+09:00,RUN-20260906-124747-KST,everyday_household_noun
domain,Stain,laundry_dry_cleaning,2026-09-06T12:54:23.075074+09:00,RUN-20260906-124747-KST,everyday_household_noun
domain,Quarry,mining,2026-09-06T12:54:23.075074+09:00,RUN-20260906-124747-KST,operational_asset_noun
domain,Welding,manufacturing,2026-09-06T12:54:23.075074+09:00,RUN-20260906-124747-KST,process_stage_noun
domain,Prototype,manufacturing,2026-09-06T12:54:23.075074+09:00,RUN-20260906-124747-KST,operational_asset_noun
domain,Carpool,transportation,2026-09-06T12:54:23.075074+09:00,RUN-20260906-124747-KST,everyday_travel_leisure_noun
domain,Commute,transportation,2026-09-06T12:54:23.075074+09:00,RUN-20260906-124747-KST,everyday_travel_leisure_noun
function,Capacity,,2026-09-08T00:09:42.277790+09:00,RUN-20260908-000042-KST,dimension_measure_noun
function,Usage,,2026-09-08T00:09:42.277790+09:00,RUN-20260908-000042-KST,performance_measure_noun
function,Condition,,2026-09-08T00:09:42.277790+09:00,RUN-20260908-000042-KST,type_category_noun
function,Humidity,,2026-09-08T00:09:42.277790+09:00,RUN-20260908-000042-KST,dimension_measure_noun
function,Episode,,2026-09-08T00:09:42.277790+09:00,RUN-20260908-000042-KST,searchable_content_format_noun
function,Cycle,,2026-09-08T00:09:42.277790+09:00,RUN-20260908-000042-KST,time_reference_noun
function,Breakdown,,2026-09-08T00:09:42.277790+09:00,RUN-20260908-000042-KST,detail_breakdown_noun
function,Sensor,,2026-09-08T00:09:42.277790+09:00,RUN-20260908-000042-KST,physical_measuring_device_noun
function,Reception,,2026-09-08T00:09:42.277790+09:00,RUN-20260908-000042-KST,concrete_place_noun
function,Followup,,2026-09-08T00:09:42.277790+09:00,RUN-20260908-000042-KST,outbound_communication_noun
function,Approval,,2026-09-08T00:09:42.277790+09:00,RUN-20260908-000042-KST,workflow_approval_noun
function,Matrix,,2026-09-08T00:09:42.277790+09:00,RUN-20260908-000042-KST,abstract_schema_term
domain,Credit,finance,2026-09-08T00:09:42.277790+09:00,RUN-20260908-000042-KST,consumer_banking_noun
domain,Debit,finance,2026-09-08T00:09:42.277790+09:00,RUN-20260908-000042-KST,consumer_banking_noun
domain,Savings,finance,2026-09-08T00:09:42.277790+09:00,RUN-20260908-000042-KST,consumer_banking_noun
domain,Withdrawal,finance,2026-09-08T00:09:42.277790+09:00,RUN-20260908-000042-KST,consumer_banking_noun
domain,Remittance,finance,2026-09-08T00:09:42.277790+09:00,RUN-20260908-000042-KST,consumer_banking_noun
domain,Wire,finance,2026-09-08T00:09:42.277790+09:00,RUN-20260908-000042-KST,consumer_banking_noun
domain,Trading,finance,2026-09-08T00:09:42.277790+09:00,RUN-20260908-000042-KST,consumer_banking_noun
domain,Stock,finance,2026-09-08T00:09:42.277790+09:00,RUN-20260908-000042-KST,consumer_banking_noun
domain,Portfolio,finance,2026-09-08T00:09:42.277790+09:00,RUN-20260908-000042-KST,consumer_banking_noun
domain,Bond,finance,2026-09-08T00:09:42.277790+09:00,RUN-20260908-000042-KST,consumer_banking_noun
domain,Insurance,finance,2026-09-08T00:09:42.277790+09:00,RUN-20260908-000042-KST,consumer_banking_noun
domain,Mortgage,finance,2026-09-08T00:09:42.277790+09:00,RUN-20260908-000042-KST,consumer_banking_noun
domain,Installment,finance,2026-09-08T00:09:42.277790+09:00,RUN-20260908-000042-KST,consumer_banking_noun
domain,Foreclosure,finance,2026-09-08T00:09:42.277790+09:00,RUN-20260908-000042-KST,consumer_banking_noun
domain,Bankruptcy,finance,2026-09-08T00:09:42.277790+09:00,RUN-20260908-000042-KST,consumer_banking_noun
domain,Inheritance,finance,2026-09-08T00:09:42.277790+09:00,RUN-20260908-000042-KST,consumer_banking_noun
domain,Creditor,finance,2026-09-08T00:09:42.277790+09:00,RUN-20260908-000042-KST,consumer_banking_noun
domain,Debtor,finance,2026-09-08T00:09:42.277790+09:00,RUN-20260908-000042-KST,consumer_banking_noun
domain,Payee,finance,2026-09-08T00:09:42.277790+09:00,RUN-20260908-000042-KST,consumer_banking_noun
domain,Insolvency,finance,2026-09-08T00:09:42.277790+09:00,RUN-20260908-000042-KST,consumer_banking_noun
domain,Trust,finance,2026-09-08T00:09:42.277790+09:00,RUN-20260908-000042-KST,consumer_banking_noun
domain,Wealth,finance,2026-09-08T00:09:42.277790+09:00,RUN-20260908-000042-KST,consumer_banking_noun
domain,Remodel,construction,2026-09-08T00:09:42.277790+09:00,RUN-20260908-000042-KST,home_improvement_trade_noun
domain,Electrical,construction,2026-09-08T00:09:42.277790+09:00,RUN-20260908-000042-KST,home_improvement_trade_noun
domain,Plumbing,construction,2026-09-08T00:09:42.277790+09:00,RUN-20260908-000042-KST,home_improvement_trade_noun
domain,Roofing,construction,2026-09-08T00:09:42.277790+09:00,RUN-20260908-000042-KST,home_improvement_trade_noun
domain,Flooring,construction,2026-09-08T00:09:42.277790+09:00,RUN-20260908-000042-KST,home_improvement_trade_noun
domain,Painting,construction,2026-09-08T00:09:42.277790+09:00,RUN-20260908-000042-KST,home_improvement_trade_noun
domain,Siding,construction,2026-09-08T00:09:42.277790+09:00,RUN-20260908-000042-KST,home_improvement_trade_noun
domain,Gutter,construction,2026-09-08T00:09:42.277790+09:00,RUN-20260908-000042-KST,home_improvement_trade_noun
domain,Foundation,construction,2026-09-08T00:09:42.277790+09:00,RUN-20260908-000042-KST,home_improvement_trade_noun
domain,Framing,construction,2026-09-08T00:09:42.277790+09:00,RUN-20260908-000042-KST,home_improvement_trade_noun
domain,Concrete,construction,2026-09-08T00:09:42.277790+09:00,RUN-20260908-000042-KST,home_improvement_trade_noun
domain,Demolition,construction,2026-09-08T00:09:42.277790+09:00,RUN-20260908-000042-KST,home_improvement_trade_noun
domain,Excavation,construction,2026-09-08T00:09:42.277790+09:00,RUN-20260908-000042-KST,home_improvement_trade_noun
domain,Paving,construction,2026-09-08T00:09:42.277790+09:00,RUN-20260908-000042-KST,home_improvement_trade_noun
domain,Insulation,construction,2026-09-08T00:09:42.277790+09:00,RUN-20260908-000042-KST,home_improvement_trade_noun
domain,Waterproofing,construction,2026-09-08T00:09:42.277790+09:00,RUN-20260908-000042-KST,home_improvement_trade_noun
domain,Deck,construction,2026-09-08T00:09:42.277790+09:00,RUN-20260908-000042-KST,home_improvement_trade_noun
domain,Patio,construction,2026-09-08T00:09:42.277790+09:00,RUN-20260908-000042-KST,home_improvement_trade_noun
domain,Cabinetry,construction,2026-09-08T00:09:42.277790+09:00,RUN-20260908-000042-KST,home_improvement_trade_noun
domain,Countertop,construction,2026-09-08T00:09:42.277790+09:00,RUN-20260908-000042-KST,home_improvement_trade_noun
domain,Masonry,construction,2026-09-08T00:09:42.277790+09:00,RUN-20260908-000042-KST,home_improvement_trade_noun
domain,Carpentry,construction,2026-09-08T00:09:42.277790+09:00,RUN-20260908-000042-KST,home_improvement_trade_noun
domain,Piano,music_lessons,2026-09-08T08:20:13.113791+09:00,RUN-20260908-081150-KST,musical_instrument_noun
domain,Guitar,music_lessons,2026-09-08T08:20:13.113791+09:00,RUN-20260908-081150-KST,musical_instrument_noun
domain,Violin,music_lessons,2026-09-08T08:20:13.113791+09:00,RUN-20260908-081150-KST,musical_instrument_noun
domain,Drum,music_lessons,2026-09-08T08:20:13.113791+09:00,RUN-20260908-081150-KST,musical_instrument_noun
domain,Vocal,music_lessons,2026-09-08T08:20:13.113791+09:00,RUN-20260908-081150-KST,musical_instrument_noun
domain,Ukulele,music_lessons,2026-09-08T08:20:13.113791+09:00,RUN-20260908-081150-KST,musical_instrument_noun
domain,Flute,music_lessons,2026-09-08T08:20:13.113791+09:00,RUN-20260908-081150-KST,musical_instrument_noun
domain,Cello,music_lessons,2026-09-08T08:20:13.113791+09:00,RUN-20260908-081150-KST,musical_instrument_noun
domain,Saxophone,music_lessons,2026-09-08T08:20:13.113791+09:00,RUN-20260908-081150-KST,musical_instrument_noun
domain,Trumpet,music_lessons,2026-09-08T08:20:13.113791+09:00,RUN-20260908-081150-KST,musical_instrument_noun
domain,Clarinet,music_lessons,2026-09-08T08:20:13.113791+09:00,RUN-20260908-081150-KST,musical_instrument_noun
domain,Bass,music_lessons,2026-09-08T08:20:13.113791+09:00,RUN-20260908-081150-KST,musical_instrument_noun
domain,Organ,music_lessons,2026-09-08T08:20:13.113791+09:00,RUN-20260908-081150-KST,musical_instrument_noun
domain,Harp,music_lessons,2026-09-08T08:20:13.113791+09:00,RUN-20260908-081150-KST,musical_instrument_noun
domain,Oboe,music_lessons,2026-09-08T08:20:13.113791+09:00,RUN-20260908-081150-KST,musical_instrument_noun
domain,Viola,music_lessons,2026-09-08T08:20:13.113791+09:00,RUN-20260908-081150-KST,musical_instrument_noun
domain,Trombone,music_lessons,2026-09-08T08:20:13.113791+09:00,RUN-20260908-081150-KST,musical_instrument_noun
domain,Percussion,music_lessons,2026-09-08T08:20:13.113791+09:00,RUN-20260908-081150-KST,musical_instrument_noun
domain,Mandolin,music_lessons,2026-09-08T08:20:13.113791+09:00,RUN-20260908-081150-KST,musical_instrument_noun
domain,Accordion,music_lessons,2026-09-08T08:20:13.113791+09:00,RUN-20260908-081150-KST,musical_instrument_noun
domain,Harmonica,music_lessons,2026-09-08T08:20:13.113791+09:00,RUN-20260908-081150-KST,musical_instrument_noun
domain,Lesson,music_lessons,2026-09-08T08:20:13.113791+09:00,RUN-20260908-081150-KST,music_education_noun
domain,Practice,music_lessons,2026-09-08T08:20:13.113791+09:00,RUN-20260908-081150-KST,music_education_noun
domain,Recital,music_lessons,2026-09-08T08:20:13.113791+09:00,RUN-20260908-081150-KST,music_education_noun
domain,Audition,music_lessons,2026-09-08T08:20:13.113791+09:00,RUN-20260908-081150-KST,music_education_noun
domain,Tuning,music_lessons,2026-09-08T08:20:13.113791+09:00,RUN-20260908-081150-KST,music_education_noun
domain,Theory,music_lessons,2026-09-08T08:20:13.113791+09:00,RUN-20260908-081150-KST,music_education_noun
domain,Chord,music_lessons,2026-09-08T08:20:13.113791+09:00,RUN-20260908-081150-KST,music_education_noun
domain,Tempo,music_lessons,2026-09-08T08:20:13.113791+09:00,RUN-20260908-081150-KST,music_education_noun
domain,Repertoire,music_lessons,2026-09-08T08:20:13.113791+09:00,RUN-20260908-081150-KST,music_education_noun
domain,Ensemble,music_lessons,2026-09-08T08:20:13.113791+09:00,RUN-20260908-081150-KST,music_education_noun
domain,Accompanist,music_lessons,2026-09-08T08:20:13.113791+09:00,RUN-20260908-081150-KST,music_education_noun
domain,Metronome,music_lessons,2026-09-08T08:20:13.113791+09:00,RUN-20260908-081150-KST,music_education_noun
domain,Songbook,music_lessons,2026-09-08T08:20:13.113791+09:00,RUN-20260908-081150-KST,music_education_noun
domain,Method,music_lessons,2026-09-08T08:20:13.113791+09:00,RUN-20260908-081150-KST,music_education_noun
domain,Camp,music_lessons,2026-09-08T08:20:13.113791+09:00,RUN-20260908-081150-KST,music_education_noun
domain,Choir,music_lessons,2026-09-08T08:20:13.113791+09:00,RUN-20260908-081150-KST,music_education_noun
domain,Orchestra,music_lessons,2026-09-08T08:20:13.113791+09:00,RUN-20260908-081150-KST,music_education_noun
domain,Melody,music_lessons,2026-09-08T08:20:13.113791+09:00,RUN-20260908-081150-KST,music_education_noun
domain,Rhythm,music_lessons,2026-09-08T08:20:13.113791+09:00,RUN-20260908-081150-KST,music_education_noun
domain,Beat,music_lessons,2026-09-08T08:20:13.113791+09:00,RUN-20260908-081150-KST,music_education_noun
domain,Pitch,music_lessons,2026-09-08T08:20:13.113791+09:00,RUN-20260908-081150-KST,music_education_noun
domain,Retirement,finance,2026-09-08T08:20:13.113791+09:00,RUN-20260908-081150-KST,finance_lifecycle_noun
domain,Estate,finance,2026-09-08T08:20:13.113791+09:00,RUN-20260908-081150-KST,finance_lifecycle_noun
domain,Probate,legal,2026-09-08T08:20:13.113791+09:00,RUN-20260908-081150-KST,legal_estate_process_noun
domain,Deed,real_estate,2026-09-08T08:20:13.113791+09:00,RUN-20260908-081150-KST,property_title_document_noun
function,Evaluation,,2026-09-08T08:20:13.113791+09:00,RUN-20260908-081150-KST,evaluation_assessment_noun
function,Questionnaire,,2026-09-08T08:20:13.113791+09:00,RUN-20260908-081150-KST,questionnaire_form_noun
function,Utilization,,2026-09-08T08:20:13.113791+09:00,RUN-20260908-081150-KST,utilization_efficiency_noun
function,Benefit,,2026-09-08T08:20:13.113791+09:00,RUN-20260908-081150-KST,benefit_entitlement_noun
function,Requirement,,2026-09-08T08:20:13.113791+09:00,RUN-20260908-081150-KST,requirement_criterion_noun
function,Depreciation,,2026-09-08T08:20:13.113791+09:00,RUN-20260908-081150-KST,depreciation_valuation_noun
function,Resignation,,2026-09-08T08:20:13.113791+09:00,RUN-20260908-081150-KST,resignation_offboarding_noun
function,Hazard,,2026-09-08T08:20:13.113791+09:00,RUN-20260908-081150-KST,hazard_safety_noun
function,Guarantor,,2026-09-08T08:20:13.113791+09:00,RUN-20260908-081150-KST,guarantor_credit_noun
function,Tuner,,2026-09-08T08:20:13.113791+09:00,RUN-20260908-081150-KST,device_calibration_noun
domain,Toothbrush,dental,2026-09-08T22:08:25.441373+09:00,RUN-20260908-214143-KST,everyday_wellness_noun
domain,Toothpaste,dental,2026-09-08T22:08:25.441373+09:00,RUN-20260908-214143-KST,everyday_wellness_noun
domain,Mouthwash,dental,2026-09-08T22:08:25.441373+09:00,RUN-20260908-214143-KST,everyday_wellness_noun
domain,Mouthguard,dental,2026-09-08T22:08:25.441373+09:00,RUN-20260908-214143-KST,everyday_wellness_noun
domain,Smile,dental,2026-09-08T22:08:25.441373+09:00,RUN-20260908-214143-KST,everyday_wellness_noun
domain,Breath,dental,2026-09-08T22:08:25.441373+09:00,RUN-20260908-214143-KST,everyday_wellness_noun
domain,Snoring,dental,2026-09-08T22:08:25.441373+09:00,RUN-20260908-214143-KST,everyday_wellness_noun
domain,Bite,dental,2026-09-08T22:08:25.441373+09:00,RUN-20260908-214143-KST,everyday_wellness_noun
domain,Dentist,dental,2026-09-08T22:08:25.441373+09:00,RUN-20260908-214143-KST,everyday_wellness_noun
domain,Orthodontist,dental,2026-09-08T22:08:25.441373+09:00,RUN-20260908-214143-KST,everyday_wellness_noun
domain,Hygienist,dental,2026-09-08T22:08:25.441373+09:00,RUN-20260908-214143-KST,everyday_wellness_noun
domain,Floss,dental,2026-09-08T22:08:25.441373+09:00,RUN-20260908-214143-KST,everyday_wellness_noun
domain,Tartar,dental,2026-09-08T22:08:25.441373+09:00,RUN-20260908-214143-KST,b2c_clinical_search_term
domain,Fluoride,dental,2026-09-08T22:08:25.441373+09:00,RUN-20260908-214143-KST,b2c_clinical_search_term
domain,Sealant,dental,2026-09-08T22:08:25.441373+09:00,RUN-20260908-214143-KST,b2c_clinical_search_term
domain,Gingivitis,dental,2026-09-08T22:08:25.441373+09:00,RUN-20260908-214143-KST,b2c_clinical_search_term
domain,Bruxism,dental,2026-09-08T22:08:25.441373+09:00,RUN-20260908-214143-KST,b2c_clinical_search_term
domain,Halitosis,dental,2026-09-08T22:08:25.441373+09:00,RUN-20260908-214143-KST,b2c_clinical_search_term
domain,Periodontitis,dental,2026-09-08T22:08:25.441373+09:00,RUN-20260908-214143-KST,b2c_clinical_search_term
domain,Malocclusion,dental,2026-09-08T22:08:25.441373+09:00,RUN-20260908-214143-KST,b2c_clinical_search_term
domain,Endodontics,dental,2026-09-08T22:08:25.441373+09:00,RUN-20260908-214143-KST,b2c_clinical_search_term
domain,Periodontics,dental,2026-09-08T22:08:25.441373+09:00,RUN-20260908-214143-KST,b2c_clinical_search_term
domain,Cafe,food_service,2026-09-08T22:08:25.441373+09:00,RUN-20260908-214143-KST,everyday_food_dining_noun
domain,Diner,food_service,2026-09-08T22:08:25.441373+09:00,RUN-20260908-214143-KST,everyday_food_dining_noun
domain,Bistro,food_service,2026-09-08T22:08:25.441373+09:00,RUN-20260908-214143-KST,everyday_food_dining_noun
domain,Pizzeria,food_service,2026-09-08T22:08:25.441373+09:00,RUN-20260908-214143-KST,everyday_food_dining_noun
domain,Deli,food_service,2026-09-08T22:08:25.441373+09:00,RUN-20260908-214143-KST,everyday_food_dining_noun
domain,Dessert,food_service,2026-09-08T22:08:25.441373+09:00,RUN-20260908-214143-KST,everyday_food_dining_noun
domain,Takeout,food_service,2026-09-08T22:08:25.441373+09:00,RUN-20260908-214143-KST,everyday_food_dining_noun
domain,Brunch,food_service,2026-09-08T22:08:25.441373+09:00,RUN-20260908-214143-KST,everyday_food_dining_noun
domain,Bakery,food_service,2026-09-08T22:08:25.441373+09:00,RUN-20260908-214143-KST,everyday_food_dining_noun
domain,Pastry,food_service,2026-09-08T22:08:25.441373+09:00,RUN-20260908-214143-KST,everyday_food_dining_noun
domain,Bagel,food_service,2026-09-08T22:08:25.441373+09:00,RUN-20260908-214143-KST,everyday_food_dining_noun
domain,Donut,food_service,2026-09-08T22:08:25.441373+09:00,RUN-20260908-214143-KST,everyday_food_dining_noun
domain,Espresso,food_service,2026-09-08T22:08:25.441373+09:00,RUN-20260908-214143-KST,everyday_food_dining_noun
domain,Latte,food_service,2026-09-08T22:08:25.441373+09:00,RUN-20260908-214143-KST,everyday_food_dining_noun
domain,Cocktail,food_service,2026-09-08T22:08:25.441373+09:00,RUN-20260908-214143-KST,everyday_food_dining_noun
domain,Barista,food_service,2026-09-08T22:08:25.441373+09:00,RUN-20260908-214143-KST,everyday_food_dining_noun
domain,Pub,food_service,2026-09-08T22:08:25.441373+09:00,RUN-20260908-214143-KST,everyday_food_dining_noun
domain,Steakhouse,food_service,2026-09-08T22:08:25.441373+09:00,RUN-20260908-214143-KST,everyday_food_dining_noun
domain,Sushi,food_service,2026-09-08T22:08:25.441373+09:00,RUN-20260908-214143-KST,everyday_food_dining_noun
domain,Taco,food_service,2026-09-08T22:08:25.441373+09:00,RUN-20260908-214143-KST,everyday_food_dining_noun
domain,Noodle,food_service,2026-09-08T22:08:25.441373+09:00,RUN-20260908-214143-KST,everyday_food_dining_noun
domain,Seafood,food_service,2026-09-08T22:08:25.441373+09:00,RUN-20260908-214143-KST,everyday_food_dining_noun
domain,Snorkeling,travel_tourism,2026-09-08T22:08:25.441373+09:00,RUN-20260908-214143-KST,everyday_travel_leisure_noun
domain,Kayaking,travel_tourism,2026-09-08T22:08:25.441373+09:00,RUN-20260908-214143-KST,everyday_travel_leisure_noun
domain,Waterfall,travel_tourism,2026-09-08T22:08:25.441373+09:00,RUN-20260908-214143-KST,everyday_travel_leisure_noun
domain,Sunset,travel_tourism,2026-09-08T22:08:25.441373+09:00,RUN-20260908-214143-KST,everyday_travel_leisure_noun
domain,Waterfront,travel_tourism,2026-09-08T22:08:25.441373+09:00,RUN-20260908-214143-KST,everyday_travel_leisure_noun
domain,Boardwalk,travel_tourism,2026-09-08T22:08:25.441373+09:00,RUN-20260908-214143-KST,everyday_travel_leisure_noun
domain,Beachfront,travel_tourism,2026-09-08T22:08:25.441373+09:00,RUN-20260908-214143-KST,everyday_travel_leisure_noun
domain,Skyline,travel_tourism,2026-09-08T22:08:25.441373+09:00,RUN-20260908-214143-KST,everyday_travel_leisure_noun
domain,Backpacker,travel_tourism,2026-09-08T22:08:25.441373+09:00,RUN-20260908-214143-KST,everyday_travel_leisure_noun
domain,Parasailing,travel_tourism,2026-09-08T22:08:25.441373+09:00,RUN-20260908-214143-KST,everyday_travel_leisure_noun
domain,Wildlife,travel_tourism,2026-09-08T22:08:25.441373+09:00,RUN-20260908-214143-KST,everyday_travel_leisure_noun
domain,Lagoon,travel_tourism,2026-09-08T22:08:25.441373+09:00,RUN-20260908-214143-KST,everyday_travel_leisure_noun
domain,Glacier,travel_tourism,2026-09-08T22:08:25.441373+09:00,RUN-20260908-214143-KST,everyday_travel_leisure_noun
domain,Volcano,travel_tourism,2026-09-08T22:08:25.441373+09:00,RUN-20260908-214143-KST,everyday_travel_leisure_noun
domain,Daytrip,travel_tourism,2026-09-08T22:08:25.441373+09:00,RUN-20260908-214143-KST,everyday_travel_leisure_noun
domain,Yacht,travel_tourism,2026-09-08T22:08:25.441373+09:00,RUN-20260908-214143-KST,everyday_travel_leisure_noun
domain,Promenade,travel_tourism,2026-09-08T22:08:25.441373+09:00,RUN-20260908-214143-KST,everyday_travel_leisure_noun
domain,Rainforest,travel_tourism,2026-09-08T22:08:25.441373+09:00,RUN-20260908-214143-KST,everyday_travel_leisure_noun
domain,Desert,travel_tourism,2026-09-08T22:08:25.441373+09:00,RUN-20260908-214143-KST,everyday_travel_leisure_noun
domain,Winery,travel_tourism,2026-09-08T22:08:25.441373+09:00,RUN-20260908-214143-KST,everyday_travel_leisure_noun
function,Tutorial,,2026-09-08T22:08:25.441373+09:00,RUN-20260908-214143-KST,searchable_content_format_noun
function,Handbook,,2026-09-08T22:08:25.441373+09:00,RUN-20260908-214143-KST,searchable_content_format_noun
function,Timetable,,2026-09-08T22:08:25.441373+09:00,RUN-20260908-214143-KST,published_schedule_noun
function,Opinion,,2026-09-08T22:08:25.441373+09:00,RUN-20260908-214143-KST,expert_opinion_noun
function,Recommendation,,2026-09-08T22:08:25.441373+09:00,RUN-20260908-214143-KST,expert_opinion_noun
function,Seminar,,2026-09-08T22:08:25.441373+09:00,RUN-20260908-214143-KST,skill_building_program_noun
function,Gift,,2026-09-08T22:08:25.441373+09:00,RUN-20260908-214143-KST,everyday_gifting_noun
function,Retreat,,2026-09-08T22:08:25.441373+09:00,RUN-20260908-214143-KST,everyday_travel_leisure_noun
function,Tournament,,2026-09-08T22:08:25.441373+09:00,RUN-20260908-214143-KST,everyday_travel_leisure_noun
function,Flyer,,2026-09-08T22:08:25.441373+09:00,RUN-20260908-214143-KST,everyday_promo_print_noun
function,App,,2026-09-10T00:53:57.479449+09:00,RUN-20260910-003906-KST,consumer_platform_idiom
function,Tips,,2026-09-10T00:53:57.479449+09:00,RUN-20260910-003906-KST,searchable_content_format_noun
function,Advice,,2026-09-10T00:53:57.479449+09:00,RUN-20260910-003906-KST,searchable_content_format_noun
function,Workbook,,2026-09-10T00:53:57.479449+09:00,RUN-20260910-003906-KST,searchable_content_format_noun
function,Mode,,2026-09-10T00:53:57.479449+09:00,RUN-20260910-003906-KST,operating_mode_attribute
function,Spec,,2026-09-10T00:53:57.479449+09:00,RUN-20260910-003906-KST,attribute_spec_idiom
function,Quantity,,2026-09-10T00:53:57.479449+09:00,RUN-20260910-003906-KST,dimension_measure_noun
function,Login,,2026-09-10T00:53:57.479449+09:00,RUN-20260910-003906-KST,client_access_idiom
function,Analysis,,2026-09-10T00:53:57.479449+09:00,RUN-20260910-003906-KST,analysis_output_noun
function,Coach,,2026-09-10T00:53:57.479449+09:00,RUN-20260910-003906-KST,personal_coach_role
function,Habit,,2026-09-10T00:53:57.479449+09:00,RUN-20260910-003906-KST,behavior_pattern_noun
domain,Migraine,healthcare,2026-09-10T00:53:57.479449+09:00,RUN-20260910-003906-KST,b2c_clinical_search_term
domain,Insomnia,healthcare,2026-09-10T00:53:57.479449+09:00,RUN-20260910-003906-KST,b2c_clinical_search_term
domain,Acne,healthcare,2026-09-10T00:53:57.479449+09:00,RUN-20260910-003906-KST,b2c_clinical_search_term
domain,Eczema,healthcare,2026-09-10T00:53:57.479449+09:00,RUN-20260910-003906-KST,b2c_clinical_search_term
domain,Psoriasis,healthcare,2026-09-10T00:53:57.479449+09:00,RUN-20260910-003906-KST,b2c_clinical_search_term
domain,Vertigo,healthcare,2026-09-10T00:53:57.479449+09:00,RUN-20260910-003906-KST,b2c_clinical_search_term
domain,Arthritis,healthcare,2026-09-10T00:53:57.479449+09:00,RUN-20260910-003906-KST,b2c_clinical_search_term
domain,Menopause,healthcare,2026-09-10T00:53:57.479449+09:00,RUN-20260910-003906-KST,b2c_clinical_search_term
domain,Pregnancy,healthcare,2026-09-10T00:53:57.479449+09:00,RUN-20260910-003906-KST,b2c_clinical_search_term
domain,Fertility,healthcare,2026-09-10T00:53:57.479449+09:00,RUN-20260910-003906-KST,b2c_clinical_search_term
domain,Thyroid,healthcare,2026-09-10T00:53:57.479449+09:00,RUN-20260910-003906-KST,b2c_clinical_search_term
domain,Cholesterol,healthcare,2026-09-10T00:53:57.479449+09:00,RUN-20260910-003906-KST,b2c_clinical_search_term
domain,Hypertension,healthcare,2026-09-10T00:53:57.479449+09:00,RUN-20260910-003906-KST,b2c_clinical_search_term
domain,Anemia,healthcare,2026-09-10T00:53:57.479449+09:00,RUN-20260910-003906-KST,b2c_clinical_search_term
domain,Heartburn,healthcare,2026-09-10T00:53:57.479449+09:00,RUN-20260910-003906-KST,b2c_clinical_search_term
domain,Constipation,healthcare,2026-09-10T00:53:57.479449+09:00,RUN-20260910-003906-KST,b2c_clinical_search_term
domain,Concussion,healthcare,2026-09-10T00:53:57.479449+09:00,RUN-20260910-003906-KST,b2c_clinical_search_term
domain,Sprain,healthcare,2026-09-10T00:53:57.479449+09:00,RUN-20260910-003906-KST,b2c_clinical_search_term
domain,Fracture,healthcare,2026-09-10T00:53:57.479449+09:00,RUN-20260910-003906-KST,b2c_clinical_search_term
domain,Insulin,healthcare,2026-09-10T00:53:57.479449+09:00,RUN-20260910-003906-KST,b2c_clinical_search_term
domain,Skydiving,travel_tourism,2026-09-10T00:53:57.479449+09:00,RUN-20260910-003906-KST,outdoor_activity_term
domain,Snowboarding,travel_tourism,2026-09-10T00:53:57.479449+09:00,RUN-20260910-003906-KST,outdoor_activity_term
domain,Ziplining,travel_tourism,2026-09-10T00:53:57.479449+09:00,RUN-20260910-003906-KST,outdoor_activity_term
domain,Sledding,travel_tourism,2026-09-10T00:53:57.479449+09:00,RUN-20260910-003906-KST,outdoor_activity_term
domain,Diving,travel_tourism,2026-09-10T00:53:57.479449+09:00,RUN-20260910-003906-KST,outdoor_activity_term
domain,Sailing,travel_tourism,2026-09-10T00:53:57.479449+09:00,RUN-20260910-003906-KST,outdoor_activity_term
domain,Rafting,travel_tourism,2026-09-10T00:53:57.479449+09:00,RUN-20260910-003906-KST,outdoor_activity_term
domain,Climbing,travel_tourism,2026-09-10T00:53:57.479449+09:00,RUN-20260910-003906-KST,outdoor_activity_term
domain,Biking,travel_tourism,2026-09-10T00:53:57.479449+09:00,RUN-20260910-003906-KST,outdoor_activity_term
domain,Golf,travel_tourism,2026-09-10T00:53:57.479449+09:00,RUN-20260910-003906-KST,outdoor_activity_term
domain,Fishing,travel_tourism,2026-09-10T00:53:57.479449+09:00,RUN-20260910-003906-KST,outdoor_activity_term
domain,Camping,travel_tourism,2026-09-10T00:53:57.479449+09:00,RUN-20260910-003906-KST,outdoor_activity_term
domain,Glamping,travel_tourism,2026-09-10T00:53:57.479449+09:00,RUN-20260910-003906-KST,outdoor_activity_term
domain,Stargazing,travel_tourism,2026-09-10T00:53:57.479449+09:00,RUN-20260910-003906-KST,outdoor_activity_term
domain,Birdwatching,travel_tourism,2026-09-10T00:53:57.479449+09:00,RUN-20260910-003906-KST,outdoor_activity_term
domain,Canyon,travel_tourism,2026-09-10T00:53:57.479449+09:00,RUN-20260910-003906-KST,nature_landform_noun
domain,Geyser,travel_tourism,2026-09-10T00:53:57.479449+09:00,RUN-20260910-003906-KST,nature_landform_noun
domain,Fjord,travel_tourism,2026-09-10T00:53:57.479449+09:00,RUN-20260910-003906-KST,nature_landform_noun
domain,Savanna,travel_tourism,2026-09-10T00:53:57.479449+09:00,RUN-20260910-003906-KST,nature_landform_noun
domain,Tundra,travel_tourism,2026-09-10T00:53:57.479449+09:00,RUN-20260910-003906-KST,nature_landform_noun
domain,Prairie,travel_tourism,2026-09-10T00:53:57.479449+09:00,RUN-20260910-003906-KST,nature_landform_noun
domain,Marsh,travel_tourism,2026-09-10T00:53:57.479449+09:00,RUN-20260910-003906-KST,nature_landform_noun
domain,Cove,travel_tourism,2026-09-10T00:53:57.479449+09:00,RUN-20260910-003906-KST,nature_landform_noun
domain,Cliff,travel_tourism,2026-09-10T00:53:57.479449+09:00,RUN-20260910-003906-KST,nature_landform_noun
domain,Cavern,travel_tourism,2026-09-10T00:53:57.479449+09:00,RUN-20260910-003906-KST,nature_landform_noun
domain,Oasis,travel_tourism,2026-09-10T00:53:57.479449+09:00,RUN-20260910-003906-KST,nature_landform_noun
domain,Dune,travel_tourism,2026-09-10T00:53:57.479449+09:00,RUN-20260910-003906-KST,nature_landform_noun
domain,Whale,travel_tourism,2026-09-10T00:53:57.479449+09:00,RUN-20260910-003906-KST,nature_landform_noun
domain,Dolphin,travel_tourism,2026-09-10T00:53:57.479449+09:00,RUN-20260910-003906-KST,nature_landform_noun
domain,Penguin,travel_tourism,2026-09-10T00:53:57.479449+09:00,RUN-20260910-003906-KST,nature_landform_noun
domain,Flamingo,travel_tourism,2026-09-10T00:53:57.479449+09:00,RUN-20260910-003906-KST,nature_landform_noun
domain,Turtle,travel_tourism,2026-09-10T00:53:57.479449+09:00,RUN-20260910-003906-KST,nature_landform_noun
domain,Moose,travel_tourism,2026-09-10T00:53:57.479449+09:00,RUN-20260910-003906-KST,nature_landform_noun
domain,Bison,travel_tourism,2026-09-10T00:53:57.479449+09:00,RUN-20260910-003906-KST,nature_landform_noun
domain,Reindeer,travel_tourism,2026-09-10T00:53:57.479449+09:00,RUN-20260910-003906-KST,nature_landform_noun
domain,Lawyer,legal,2026-09-10T00:53:57.479449+09:00,RUN-20260910-003906-KST,everyday_legal_consumer_term
domain,Attorney,legal,2026-09-10T00:53:57.479449+09:00,RUN-20260910-003906-KST,everyday_legal_consumer_term
domain,Court,legal,2026-09-10T00:53:57.479449+09:00,RUN-20260910-003906-KST,everyday_legal_consumer_term
domain,Judge,legal,2026-09-10T00:53:57.479449+09:00,RUN-20260910-003906-KST,everyday_legal_consumer_term
domain,Jury,legal,2026-09-10T00:53:57.479449+09:00,RUN-20260910-003906-KST,everyday_legal_consumer_term
domain,Lawsuit,legal,2026-09-10T00:53:57.479449+09:00,RUN-20260910-003906-KST,everyday_legal_consumer_term
domain,Divorce,legal,2026-09-10T00:53:57.479449+09:00,RUN-20260910-003906-KST,everyday_legal_consumer_term
domain,Custody,legal,2026-09-10T00:53:57.479449+09:00,RUN-20260910-003906-KST,everyday_legal_consumer_term
domain,Immigration,legal,2026-09-10T00:53:57.479449+09:00,RUN-20260910-003906-KST,everyday_legal_consumer_term
domain,Testament,legal,2026-09-10T00:53:57.479449+09:00,RUN-20260910-003906-KST,everyday_legal_consumer_term
domain,Notary,legal,2026-09-10T00:53:57.479449+09:00,RUN-20260910-003906-KST,everyday_legal_consumer_term
domain,Mediation,legal,2026-09-10T00:53:57.479449+09:00,RUN-20260910-003906-KST,everyday_legal_consumer_term
domain,Guardianship,legal,2026-09-10T00:53:57.479449+09:00,RUN-20260910-003906-KST,everyday_legal_consumer_term
domain,Trademark,legal,2026-09-10T00:53:57.479449+09:00,RUN-20260910-003906-KST,everyday_legal_consumer_term
domain,Patent,legal,2026-09-10T00:53:57.479449+09:00,RUN-20260910-003906-KST,everyday_legal_consumer_term
domain,Copyright,legal,2026-09-10T00:53:57.479449+09:00,RUN-20260910-003906-KST,everyday_legal_consumer_term
